NO,year,month,day,hour,pm25,DEWP,TEMP,PRES,cbwd,lws,ls,lr
0,2010,1,12,12,8.3146,1.5474,8.105,4.8414,6.1028,5.0795,2.4584,8.2259
1,2010,1,12,12,2.804,6.9562,2.9213,3.6904,7.5819,5.4331,1.3019,1.4364
2,2010,1,12,12,4.7345,0.164,8.0309,9.818,0.0125,7.2286,2.9143,0.8258
3,2010,1,12,12,7.2344,3.209,6.9373,3.9004,8.636,4.929,1.8647,0.7872
4,2010,1,12,12,4.9121,0.9834,9.3653,2.0146,7.387,9.3933,4.1033,8.2344
5,2010,1,12,12,3.644,6.8447,9.8965,9.0808,9.4898,7.2214,3.9131,0.3538
6,2010,1,12,12,3.2048,6.5469,2.7479,9.7072,1.5136,0.6945,7.4504,7.3346
7,2010,1,12,12,7.8859,5.5301,5.1084,0.485,6.2657,8.4739,8.0403,5.2446
8,2010,1,12,12,6.463,2.2334,2.8048,7.1475,4.5821,9.1348,9.063,2.7615
9,2010,1,12,12,8.0876,9.264,8.6187,1.2984,0.4544,9.6086,5.4981,2.2792
10,2010,1,12,12,5.6955,8.1195,6.1503,7.9919,2.676,5.5469,5.9169,0.1463
11,2010,1,12,12,1.7626,7.3386,9.5772,8.7124,1.0709,5.8045,3.8865,0.8918
12,2010,1,12,12,9.0767,1.2344,2.1685,0.1049,7.467,3.671,2.9921,6.4353
13,2010,1,12,12,4.3923,9.3702,0.086,1.1239,5.8436,4.4423,0.2032,7.6396
14,2010,1,12,12,4.9783,9.4448,8.5083,5.5513,0.6546,9.6537,6.5277,2.486
15,2010,1,12,12,8.2541,9.5166,7.6239,4.7961,6.9158,6.7928,1.7465,5.913
16,2010,1,12,12,4.5948,3.5651,7.1487,0.4904,9.102,4.82,5.6145,8.0942
17,2010,1,12,12,5.4252,5.9088,2.2575,8.6535,7.903,8.755,5.759,5.3262
18,2010,1,12,12,6.5484,0.0645,9.3812,1.7635,8.077,8.6755,1.7418,1.5617
19,2010,1,12,12,4.4615,5.5936,0.9921,8.503,2.603,8.5085,0.7571,1.889
20,2010,1,12,12,9.1447,7.4289,3.5703,5.8677,0.8997,4.34,2.8093,0.5305
21,2010,1,12,12,9.5581,7.8195,6.2983,1.0496,0.9142,5.2817,8.3923,1.6113
22,2010,1,12,12,2.5274,0.2577,0.036,0.3062,0.7255,3.1721,0.317,0.3593
23,2010,1,12,12,9.5039,1.7242,7.592,8.7317,9.5585,8.0663,2.2937,0.2878
24,2010,1,12,12,9.9898,2.3224,0.3375,6.5418,7.857,5.7034,7.2161,0.4849
25,2010,1,12,12,1.2809,7.0627,6.9512,1.9639,4.1127,8.7938,4.5184,7.1455
26,2010,1,12,12,6.5605,5.3405,2.4474,0.7008,9.5202,9.3291,9.2776,3.387
27,2010,1,12,12,4.7928,9.7441,9.5011,0.7769,8.5994,1.2976,0.2921,9.2895
28,2010,1,12,12,4.349,6.8239,6.2238,7.7032,1.7438,8.8147,0.8954,7.8893
29,2010,1,12,12,1.1897,3.7265,4.6375,7.0564,7.2015,0.6818,9.8658,9.3374
30,2010,1,12,12,5.3225,6.8666,9.261,8.1749,1.7242,8.1095,2.9865,6.7019
31,2010,1,12,12,7.3768,5.0505,5.5178,4.5522,5.0717,3.9693,8.1987,2.9464
32,2010,1,12,12,6.0423,0.3077,0.0118,7.7581,2.1452,3.2548,0.4058,7.0467
33,2010,1,12,12,4.3558,9.4053,6.7246,5.0466,9.6725,3.7427,9.9481,2.3778
34,2010,1,12,12,5.5591,6.2473,4.9263,1.9957,4.9236,8.8429,6.9629,7.8959
35,2010,1,12,12,5.892,2.2247,5.6649,4.5728,7.7184,3.9601,8.8514,4.2559
36,2010,1,12,12,1.9366,9.9937,1.8353,1.5526,2.1869,5.8143,7.5284,5.357
37,2010,1,12,12,5.7166,8.9648,8.111,2.09,1.8779,7.9011,7.5744,1.9749
38,2010,1,12,12,8.2551,1.6553,8.9301,7.0161,6.8961,3.7649,1.2782,0.9828
39,2010,1,12,12,2.4648,6.4098,9.8171,8.994,3.8092,0.2196,5.6502,6.6033
40,2010,1,12,12,4.3607,9.7945,8.5662,9.758,1.4673,6.8019,8.7603,7.9338
41,2010,1,12,12,3.0942,4.2096,0.8426,3.296,9.1803,1.266,8.3589,6.439
42,2010,1,12,12,2.1855,9.9842,9.8171,1.7876,4.6958,5.4971,3.4965,3.3369
43,2010,1,12,12,1.145,0.019,8.5239,2.5963,1.693,2.2397,1.5154,2.9657
44,2010,1,12,12,3.5821,9.2355,0.6589,9.0475,6.9261,5.2526,4.1626,9.0743
45,2010,1,12,12,8.5236,2.0149,1.8593,3.2622,8.8113,9.8343,9.2531,6.2501
46,2010,1,12,12,9.1183,2.3544,2.4851,0.9097,2.2792,2.0356,3.4266,7.4638
47,2010,1,12,12,7.0551,1.7628,8.4573,6.8393,6.3449,5.017,1.828,5.0813
48,2010,1,12,12,4.7781,4.3607,3.5016,4.2125,2.4454,7.5869,5.1449,3.9458
49,2010,1,12,12,5.8008,1.1229,1.4698,2.65,6.1839,8.411,7.298,0.3132
50,2010,1,12,12,2.6279,0.407,6.7104,4.4855,4.4253,9.2695,3.9956,6.0914
51,2010,1,12,12,4.0974,3.0941,0.7822,0.0918,2.312,9.1418,9.1172,1.7453
52,2010,1,12,12,1.9702,3.3826,2.8503,2.9478,8.2267,8.6631,2.6011,7.1774
53,2010,1,12,12,6.6318,1.7339,9.719,7.4283,9.673,8.9101,1.4673,8.8238
54,2010,1,12,12,7.4177,5.0893,6.0042,8.2981,9.1963,7.8924,2.7828,6.9905
55,2010,1,12,12,0.6744,7.7849,3.6035,0.9363,2.9246,3.7124,1.5234,0.3173
56,2010,1,12,12,8.054,1.1315,6.1295,2.6304,6.3516,0.8571,2.1639,8.9562
57,2010,1,12,12,6.8485,8.0033,7.8079,5.2775,9.5011,1.703,8.3332,3.418
58,2010,1,12,12,4.02,8.4357,7.2547,1.842,2.2056,0.1231,0.7143,9.5534
59,2010,1,12,12,5.4211,2.4166,7.8414,1.7721,2.3968,7.6664,4.3262,0.6108
60,2010,1,12,12,4.3519,0.1758,4.9934,7.3535,3.457,1.1149,9.8371,0.084
61,2010,1,12,12,1.4993,2.0874,1.8292,8.3788,4.1044,5.9727,2.8542,0.8857
62,2010,1,12,12,4.2022,2.084,2.1837,0.8923,6.2838,0.5033,7.6264,0.9482
63,2010,1,12,12,1.0495,4.3762,5.4903,8.4899,3.9907,8.5302,4.9805,4.931
64,2010,1,12,12,9.4357,5.1661,6.7641,9.1227,9.6432,7.0466,3.1411,3.0944
65,2010,1,12,12,6.9976,6.9344,4.9043,3.8567,0.1164,7.2664,9.6118,0.28
66,2010,1,12,12,7.5091,3.6723,7.5608,8.8504,1.9319,9.8006,2.6541,0.9584
67,2010,1,12,12,3.3867,4.9987,7.9562,1.8419,1.4664,3.4945,5.5025,0.3268
68,2010,1,12,12,7.8668,0.1728,2.9881,5.0042,8.2366,1.099,5.4201,1.0965
69,2010,1,12,12,8.9034,0.92,8.0559,9.2497,2.3837,3.0339,3.7396,9.456
70,2010,1,12,12,5.4268,2.3394,9.6366,2.6462,4.8349,0.667,3.2467,3.6483
71,2010,1,12,12,8.2073,7.005,1.1819,4.2741,6.7523,5.0868,1.6276,5.0976
72,2010,1,12,12,0.292,1.2921,5.7136,4.2333,1.3936,1.9289,8.485,8.8166
73,2010,1,12,12,3.6581,6.1723,9.409,3.6369,4.5699,7.3478,1.8224,1.1408
74,2010,1,12,12,3.2857,1.068,2.3818,6.0958,1.4902,8.2902,1.6665,0.9389
75,2010,1,12,12,7.2292,8.7252,3.589,3.2779,4.839,5.5895,8.8629,9.5235
76,2010,1,12,12,5.0918,1.7233,0.4906,8.3675,7.0234,1.7094,4.9766,7.848
77,2010,1,12,12,8.9463,0.9858,4.117,3.3443,6.4336,6.0855,1.1341,6.2879
78,2010,1,12,12,7.1159,4.9871,1.5937,5.3558,6.6578,6.9515,7.4476,9.1718
79,2010,1,12,12,1.1363,9.6292,3.4524,9.3905,8.4243,4.5511,0.2775,7.9747
80,2010,1,12,12,5.215,0.4819,6.3553,5.7957,7.8779,4.1594,9.7782,1.3264
81,2010,1,12,12,5.2175,4.4614,5.7361,9.6507,7.8571,9.74,4.4472,4.0892
82,2010,1,12,12,5.7991,2.6827,9.7779,6.6927,7.5585,6.0261,0.8561,5.8204
83,2010,1,12,12,0.7088,5.1364,5.2516,8.5715,0.4873,6.705,8.3507,0.0452
84,2010,1,12,12,7.1885,8.6146,2.2285,8.0043,9.6077,0.9042,1.9339,0.2063
85,2010,1,12,12,8.4958,8.4896,4.6653,2.8914,8.3447,9.2824,6.745,8.0749
86,2010,1,12,12,3.0744,3.4079,5.1202,9.5099,8.4127,5.6454,5.2769,2.7269
87,2010,1,12,12,3.4509,1.9595,0.3759,5.1609,2.2011,5.3835,6.6373,9.6407
88,2010,1,12,12,7.2016,7.4952,9.4361,1.0023,7.2066,6.143,0.8105,3.8602
89,2010,1,12,12,2.641,2.6882,7.1519,1.8467,8.338,8.7486,5.4445,1.0892
90,2010,1,12,12,6.8906,3.9849,2.0508,3.1693,8.768,2.6088,7.95,3.303
91,2010,1,12,12,9.8767,2.1195,0.0978,6.5972,0.4806,8.1195,7.7544,7.4985
92,2010,1,12,12,2.502,4.4851,8.5054,1.5928,9.9447,9.5377,1.9211,1.7607
93,2010,1,12,12,9.8974,7.0617,2.3815,2.4179,6.9201,4.2388,3.5339,5.7777
94,2010,1,12,12,0.1609,8.2573,0.9137,9.2792,1.0597,4.1992,8.2612,4.8592
95,2010,1,12,12,7.353,7.3579,7.6563,6.605,7.2307,9.2063,7.7431,1.1005
96,2010,1,12,12,4.5163,0.1291,1.0255,1.8498,0.8835,9.1547,5.5531,8.8424
97,2010,1,12,12,6.1724,0.6297,5.9224,2.3171,4.4633,2.5305,5.7264,5.6274
98,2010,1,12,12,0.8006,3.7269,1.3181,1.9328,7.7532,2.8751,9.9373,3.8884
99,2010,1,12,12,2.6464,8.2365,9.736,8.0241,2.6575,7.9822,8.1745,9.927
100,2010,1,12,12,7.5782,3.6581,9.1701,3.0395,0.622,0.9986,0.087,4.6857
101,2010,1,12,12,3.7793,9.5024,7.7743,8.6444,9.6203,7.859,7.2076,5.8153
102,2010,1,12,12,6.4698,5.2738,1.0493,6.4667,7.5822,2.7708,2.4263,5.2711
103,2010,1,12,12,8.8683,9.4815,1.631,4.6049,9.4105,6.1317,8.755,7.7906
104,2010,1,12,12,9.3973,2.2052,1.0224,0.5231,7.6288,6.1989,8.6943,4.8716
105,2010,1,12,12,0.4113,2.4932,9.7014,2.5309,3.6303,5.2576,6.6593,3.0765
106,2010,1,12,12,5.6367,8.5985,5.2784,8.6364,0.7034,4.4241,7.8116,3.8206
107,2010,1,12,12,6.5393,1.5957,7.6657,5.4,4.69,6.5522,6.1999,7.7678
108,2010,1,12,12,7.9277,1.9912,7.4741,6.4606,2.0516,0.4581,6.7753,4.6944
109,2010,1,12,12,3.1307,0.0301,0.1927,2.6614,0.2761,6.9985,9.3411,9.2913
110,2010,1,12,12,9.1975,2.3392,4.6317,5.7433,4.8084,0.1204,3.2209,7.0312
111,2010,1,12,12,1.0351,1.4794,6.4219,1.7543,4.2974,4.5025,8.0015,6.7224
112,2010,1,12,12,8.5546,1.3748,1.3617,3.9457,4.8424,8.0215,0.6174,9.4759
113,2010,1,12,12,4.1619,9.9403,2.3647,2.7428,1.9586,6.8504,9.9588,7.6015
114,2010,1,12,12,6.9513,9.5322,8.2352,3.6006,5.5849,9.6314,9.7296,3.3222
115,2010,1,12,12,8.8471,9.0518,7.9789,8.7218,5.8202,9.962,8.7723,1.5206
116,2010,1,12,12,2.6122,3.4285,0.1779,4.183,4.6849,8.0724,0.1464,1.671
117,2010,1,12,12,0.8036,8.7036,3.1731,1.6816,3.3419,2.7267,6.1515,5.4346
118,2010,1,12,12,8.6697,3.6747,7.3946,6.9531,4.2659,4.1625,1.0262,0.1485
119,2010,1,12,12,4.5836,4.9859,8.2592,7.551,4.3883,0.4075,1.7944,6.5353
120,2010,1,12,12,2.8974,0.41,3.243,2.8948,7.2632,4.4125,2.1739,2.0424
121,2010,1,12,12,2.8582,2.5998,1.1697,9.9784,8.9603,3.0017,9.7902,3.7661
122,2010,1,12,12,7.4792,0.9277,8.7197,8.2674,4.299,6.5091,3.3541,5.9444
123,2010,1,12,12,6.5158,0.2283,1.2957,8.0356,4.4946,6.299,9.0703,5.8212
124,2010,1,12,12,3.0371,0.1439,9.1826,5.4305,6.1773,7.1113,7.0314,7.591
125,2010,1,12,12,8.3052,8.4032,6.3914,5.0796,0.8706,6.0911,1.644,6.8309
126,2010,1,12,12,9.2859,8.2267,4.8654,4.0062,5.9895,8.1395,8.8821,5.3568
127,2010,1,12,12,1.2595,8.7212,2.1212,8.5914,3.7882,5.1291,0.8459,1.849
128,2010,1,12,12,7.5591,4.2513,6.5386,3.6855,3.9951,4.9693,7.7917,1.1536
129,2010,1,12,12,0.0623,0.7013,7.4458,3.5186,7.4156,5.408,6.9319,6.3459
130,2010,1,12,12,2.1577,9.9886,7.1272,1.7906,9.152,3.7866,9.3436,9.9342
131,2010,1,12,12,7.4702,8.9864,1.071,0.1001,2.8068,2.4107,8.562,9.1788
132,2010,1,12,12,4.7741,5.7924,2.2379,4.2904,8.5647,7.9631,9.7492,1.2477
133,2010,1,12,12,3.0428,7.3773,7.6503,9.8025,0.2273,2.4527,8.453,8.1858
134,2010,1,12,12,2.2662,0.8866,7.0479,4.1701,3.7686,5.7728,5.072,6.6069
135,2010,1,12,12,5.5716,4.6355,3.5518,8.5536,7.9976,7.1886,4.5461,2.5156
136,2010,1,12,12,6.9359,6.901,7.9884,3.5921,5.1389,5.468,2.3455,6.0639
137,2010,1,12,12,1.4025,7.5458,4.3609,5.2629,9.5939,4.6167,5.5972,0.937
138,2010,1,12,12,0.5393,4.8002,1.7151,7.9632,4.8495,8.0903,4.0676,7.0579
139,2010,1,12,12,6.7329,1.185,6.013,0.6196,3.2705,8.7481,8.0233,6.7667
140,2010,1,12,12,3.8805,0.9657,5.8131,9.432,9.1221,5.367,8.026,2.4839
141,2010,1,12,12,4.1738,5.0087,8.743,2.9839,4.429,0.8856,5.4033,5.7796
142,2010,1,12,12,3.6967,6.34,5.4666,0.7466,1.1794,5.5462,7.3986,0.0662
143,2010,1,12,12,3.5682,9.6594,4.7298,2.9073,4.0079,6.6634,3.6667,9.7569
144,2010,1,12,12,2.6506,7.7089,6.6957,1.1348,1.4425,3.2101,0.515,1.7188
145,2010,1,12,12,5.9433,0.752,1.7842,5.2168,1.0218,9.8239,1.6946,1.8959
146,2010,1,12,12,4.6658,1.7074,8.7769,2.2921,6.9528,8.2858,3.3439,0.0602
147,2010,1,12,12,9.335,7.1601,2,4.62,0.9569,7.2473,0.7852,3.9121
148,2010,1,12,12,2.2319,2.9546,2.1803,8.4676,4.974,4.5081,1.2343,3.7926
149,2010,1,12,12,9.4831,5.4178,2.7597,4.8421,0.9825,5.6398,7.2576,7.7758
150,2010,1,12,12,9.8269,4.6407,6.998,1.541,7.0658,1.9591,6.2729,5.015
151,2010,1,12,12,3.2848,9.6752,3.5012,3.7343,2.7436,6.2638,3.3263,5.6675
152,2010,1,12,12,4.5104,4.7565,4.5475,0.1492,9.1201,6.9745,6.7502,2.9619
153,2010,1,12,12,0.9074,7.3616,0.0719,1.2167,5.0668,2.1995,9.1211,4.2946
154,2010,1,12,12,8.9739,7.0574,5.0083,6.3631,5.0757,2.501,6.359,6.8402
155,2010,1,12,12,2.3922,6.2975,5.1553,1.392,5.2308,8.518,9.3456,3.8454
156,2010,1,12,12,9.9769,3.7427,9.8335,3.9013,8.3051,1.7727,2.2937,0.9979
157,2010,1,12,12,2.947,2.1412,6.7718,7.4555,5.6779,8.1739,6.3758,2.1285
158,2010,1,12,12,4.834,6.3179,8.303,0.4822,0.8022,1.8703,6.1312,9.7733
159,2010,1,12,12,5.6006,9.3832,9.1151,5.5511,7.2695,5.6001,6.664,3.7595
160,2010,1,12,12,1.1411,3.7063,5.0996,9.8193,0.0658,3.6866,4.3854,7.9476
161,2010,1,12,12,6.9781,8.429,8.0771,7.9576,7.8705,8.8821,7.3299,5.2594
162,2010,1,12,12,9.8064,6.7071,2.0729,2.1688,9.9368,2.0898,7.5604,8.2283
163,2010,1,12,12,4.4482,1.9099,1.6207,0.0053,9.632,0.798,6.7839,1.6239
164,2010,1,12,12,6.3343,5.6892,3.5011,7.085,8.4016,2.2543,5.562,5.8604
165,2010,1,12,12,8.1697,8.2139,5.1647,1.8918,3.5032,4.8778,2.5255,5.3374
166,2010,1,12,12,3.7295,6.666,2.0415,5.3819,4.8747,0.1122,4.9218,9.3907
167,2010,1,12,12,2.8874,6.6751,2.1705,6.2316,4.0315,8.5167,3.021,3.947
168,2010,1,12,12,3.6208,6.7912,0.1255,7.306,8.463,2.8577,3.8224,2.1249
169,2010,1,12,12,7.6119,0.2965,4.2016,8.7974,8.6905,2.272,4.0993,9.2307
170,2010,1,12,12,9.5241,8.0458,8.7766,3.8119,8.9028,6.8887,3.1602,3.0662
171,2010,1,12,12,7.2203,3.5276,0.7243,6.2188,6.9332,1.4836,0.7746,2.9669
172,2010,1,12,12,7.4975,0.3651,5.5189,7.9123,6.7652,7.0166,1.3819,0.8187
173,2010,1,12,12,2.0633,2.3481,7.6684,8.6212,9.3516,6.2133,2.324,7.7753
174,2010,1,12,12,0.4357,0.6191,5.3488,3.8047,9.2356,1.5608,9.5516,8.9802
175,2010,1,12,12,5.019,7.9929,7.444,2.8932,9.9007,4.3077,4.6634,4.5551
176,2010,1,12,12,3.5326,8.4348,0.5258,8.944,9.2414,1.6072,2.9513,5.7539
177,2010,1,12,12,4.9327,0.7597,9.5702,1.0618,2.8292,3.7559,8.0707,4.0575
178,2010,1,12,12,6.0439,2.926,3.273,9.4601,8.4677,4.4724,3.0749,3.7918
179,2010,1,12,12,1.2117,8.3546,1.5031,0.528,1.4539,5.5855,2.6266,7.9493
180,2010,1,12,12,0.8344,8.0615,3.2345,9.963,0.8469,1.1519,7.0306,3.5291
181,2010,1,12,12,9.6648,5.3847,9.1165,4.7436,2.9419,5.2805,8.5196,8.0079
182,2010,1,12,12,9.5651,6.1854,1.9372,2.8132,9.4138,6.6699,4.2918,9.0025
183,2010,1,12,12,5.4627,5.8337,9.0807,9.552,6.7561,4.7062,9.277,9.3021
184,2010,1,12,12,1.8252,2.8171,4.1886,8.0334,6.4972,5.5693,0.7228,0.9632
185,2010,1,12,12,4.9765,1.9684,6.1784,4.5835,9.6194,0.012,2.6584,8.7585
186,2010,1,12,12,7.4796,1.7716,4.4961,4.9304,1.3217,7.9892,1.2772,8.7457
187,2010,1,12,12,4.628,9.3858,4.735,7.6395,6.6437,2.7744,6.3503,6.796
188,2010,1,12,12,5.5336,1.4886,1.028,2.5509,3.9808,1.8709,3.2001,7.3616
189,2010,1,12,12,8.0231,7.7741,7.6287,7.0605,0.1175,1.7119,4.1642,4.0201
190,2010,1,12,12,0.3919,2.7644,1.2125,6.218,1.2552,2.5536,5.2817,7.9215
191,2010,1,12,12,8.8867,0.5117,1.6785,5.8552,1.7587,5.1445,1.6547,2.3263
192,2010,1,12,12,2.4138,5.8281,5.6204,1.2092,5.9089,1.0667,7.5507,6.7335
193,2010,1,12,12,1.5322,4.7528,6.9048,7.3586,1.4854,6.7862,5.8383,5.5064
194,2010,1,12,12,3.7709,0.5927,1.0328,5.1185,3.975,8.71,1.0979,1.0358
195,2010,1,12,12,9.0311,1.4493,7.4173,8.5386,6.8011,2.1364,5.7109,2.704
196,2010,1,12,12,8.3465,4.9962,7.607,1.9464,3.8051,3.9466,6.7771,5.1011
197,2010,1,12,12,2.0315,0.3887,6.9949,4.0119,8.5337,0.2026,0.6605,9.0165
198,2010,1,12,12,8.9082,0.5291,6.9359,1.5692,4.3388,6.6262,1.7182,6.5021
199,2010,1,12,12,7.7197,3.2681,1.1259,4.7178,9.3646,0.3171,1.0613,8.072
200,2010,1,12,12,8.7647,2.7367,8.9061,8.9964,7.8897,7.68,5.3917,2.9138
201,2010,1,12,12,5.0937,3.5918,9.5451,9.4463,1.6208,8.9754,6.7857,9.9576
202,2010,1,12,12,8.4392,5.5389,8.0038,0.2365,2.1691,9.0777,9.1194,2.3491
203,2010,1,12,12,3.0519,0.8608,5.8365,8.9778,7.6653,9.1344,2.5614,0.3488
204,2010,1,12,12,6.9016,8.7255,5.5848,0.1685,0.8696,8.4133,3.5655,0.1223
205,2010,1,12,12,5.8727,7.3972,4.8617,7.289,4.5268,0.0704,4.0073,5.1155
206,2010,1,12,12,4.2838,8.0052,4.3541,1.1835,9.7351,0.0579,1.8553,9.2942
207,2010,1,12,12,1.5237,0.8885,0.7998,5.1412,5.8285,5.9143,6.9079,9.8267
208,2010,1,12,12,6.554,0.6699,6.2088,7.0851,6.378,8.5358,8.0617,3.1819
209,2010,1,12,12,5.8816,8.2983,5.609,3.2108,3.6578,2.0841,3.1805,6.6948
210,2010,1,12,12,9.3738,7.8603,2.2845,3.7853,7.1674,4.6906,0.184,5.8089
211,2010,1,12,12,8.3946,8.8283,7.2221,9.2421,3.5884,6.9124,2.2893,9.1835
212,2010,1,12,12,5.063,9.2815,3.3107,3.2835,8.5689,8.9279,9.5701,6.5991
213,2010,1,12,12,9.8861,8.1328,3.6551,4.734,7.8798,8.0946,7.9799,2.104
214,2010,1,12,12,6.4443,3.0325,5.5879,8.1054,3.3809,5.1407,5.5434,1.3116
215,2010,1,12,12,3.5921,8.4696,8.9859,5.1844,0.0098,3.9485,2.7289,8.0085
216,2010,1,12,12,9.0154,8.3576,9.068,6.8178,5.5112,4.161,9.5822,7.0575
217,2010,1,12,12,7.6878,1.2665,3.0234,1.5174,3.2147,4.0563,4.9231,3.4302
218,2010,1,12,12,9.1795,9.436,9.3178,1.0385,4.383,1.8656,3.6876,4.3316
219,2010,1,12,12,4.7788,6.0894,2.7226,3.9806,9.4987,5.486,5.6124,1.4545
220,2010,1,12,12,9.6443,4.4817,5.3281,4.9371,2.7421,6.2104,5.9316,8.8888
221,2010,1,12,12,5.6301,2.6642,4.6905,8.0701,9.1778,3.1937,9.2223,5.4835
222,2010,1,12,12,8.52,0.8597,7.4456,2.1643,9.2834,1.7386,0.2095,7.0467
223,2010,1,12,12,1.7651,6.6809,4.8095,0.6002,3.1894,7.9847,2.3402,8.4437
224,2010,1,12,12,3.5884,8.4312,7.4258,4.1022,0.2743,0.4201,3.5079,6.4546
225,2010,1,12,12,1.3696,1.1615,2.759,6.4688,6.1105,1.7358,4.281,1.3449
226,2010,1,12,12,5.8836,6.4298,4.1329,4.8454,4.5775,8.2536,3.8943,8.2487
227,2010,1,12,12,6.5967,7.0501,4.4094,9.5817,3.6059,8.5718,9.0767,1.8376
228,2010,1,12,12,7.3527,4.4575,3.4741,4.2359,8.9029,0.3632,2.0649,7.5179
229,2010,1,12,12,6.3521,1.9204,4.2242,2.2474,2.8118,5.0709,4.7604,4.443
230,2010,1,12,12,1.3325,5.9309,2.2857,9.7481,7.5428,9.3543,8.1808,4.9641
231,2010,1,12,12,1.3179,3.2751,3.7962,2.9935,2.8835,9.5458,1.159,5.2375
232,2010,1,12,12,7.2231,4.316,5.6409,9.7481,5.3976,9.9883,9.658,8.9757
233,2010,1,12,12,4.3394,0.4829,9.4166,6.5124,5.6111,3.6702,3.8071,9.2556
234,2010,1,12,12,2.3447,1.3207,4.7145,9.0108,1.1835,7.8894,6.9851,0.108
235,2010,1,12,12,1.1611,6.4412,1.8865,7.3387,0.6397,7.6175,9.6327,7.2284
236,2010,1,12,12,8.4401,6.4973,7.5562,4.6692,8.8717,3.2112,6.7926,7.5927
237,2010,1,12,12,8.8678,9.6301,3.9594,7.8113,6.3343,3.3476,5.103,8.5098
238,2010,1,12,12,8.2921,4.7595,6.7653,1.3662,4.144,3.6832,8.6453,9.8943
239,2010,1,12,12,0.2942,9.6814,9.5438,5.0307,9.1341,3.163,5.6011,9.4064
240,2010,1,12,12,4.5664,3.2649,3.1508,2.2126,1.7159,6.8148,1.8248,4.9941
241,2010,1,12,12,3.6937,4.3257,1.7343,5.8473,8.5615,9.4625,0.1162,2.9318
242,2010,1,12,12,7.0755,7.9367,8.5585,4.8071,8.6518,5.4751,2.8159,5.7026
243,2010,1,12,12,8.5064,1.2707,3.1298,5.769,1.4202,6.5284,2.4336,6.5519
244,2010,1,12,12,3.6888,8.3911,6.9509,0.8752,8.9746,7.5003,3.0524,6.2644
245,2010,1,12,12,5.494,6.9278,3.7503,7.2579,4.1295,3.773,0.5411,8.7241
246,2010,1,12,12,2.04,6.5226,9.4926,9.6083,5.6464,7.4575,8.3735,5.1312
247,2010,1,12,12,7.3987,4.1162,0.0486,2.0558,4.3743,4.8211,4.2799,6.6524
248,2010,1,12,12,7.7152,1.8613,5.9218,5.0454,5.7372,1.26,6.4322,5.5271
249,2010,1,12,12,5.3336,7.1828,0.967,4.2083,3.7142,6.2879,2.1077,6.1619
250,2010,1,12,12,2.9073,9.3336,3.0393,1.0815,6.3673,6.4062,1.1768,0.1351
251,2010,1,12,12,1.2313,0.5816,3.5847,2.7608,5.7311,5.0882,7.9145,0.54
252,2010,1,12,12,8.8498,0.6075,4.7613,1.4186,5.0115,4.6818,0.918,7.2667
253,2010,1,12,12,8.566,8.7791,4.3468,0.4572,7.3771,8.3488,0.8954,2.5566
254,2010,1,12,12,8.7094,3.0937,1.9555,1.2936,9.2483,4.5114,8.0869,5.9171
255,2010,1,12,12,6.9617,0.027,4.2938,9.9579,0.5316,8.2092,9.142,0.9567
256,2010,1,12,12,9.002,9.5258,5.8649,5.5387,1.2811,3.5721,6.5501,2.7006
257,2010,1,12,12,4.1789,2.5713,6.2647,0.4789,5.2835,6.1301,4.7339,8.9686
258,2010,1,12,12,6.6051,2.8113,4.0925,4.2728,9.3685,7.4085,7.6085,4.395
259,2010,1,12,12,4.0867,5.3391,4.7862,2.4088,7.4034,4.6263,3.8427,5.4633
260,2010,1,12,12,3.3478,8.6554,3.1694,7.3272,4.5478,4.4796,2.7897,3.8124
261,2010,1,12,12,0.2281,9.0332,3.0014,4.7177,7.8434,1.4858,1.3559,4.3153
262,2010,1,12,12,1.1538,6.0796,9.8151,0.6664,4.2535,8.6708,8.1591,8.6072
263,2010,1,12,12,3.0578,0.4161,8.9164,9.1485,3.2458,1.9498,5.1605,0.0324
264,2010,1,12,12,2.0679,7.1556,8.8109,3.5794,4.266,5.7625,3.1123,8.4549
265,2010,1,12,12,9.1391,6.6593,4.8474,6.1716,2.9749,4.7972,1.6321,7.6578
266,2010,1,12,12,5.2266,2.1164,4.1633,1.1742,1.0006,3.1879,7.2422,0.5142
267,2010,1,12,12,8.1926,0.3813,8.0633,3.5064,9.1552,6.0359,1.1234,5.8274
268,2010,1,12,12,0.4137,7.199,1.982,5.1842,1.488,3.395,6.8771,1.0088
269,2010,1,12,12,5.5703,9.0555,2.9021,3.1343,3.0584,2.1633,1.758,7.9767
270,2010,1,12,12,9.0708,3.5001,0.0915,4.3935,7.2623,3.4862,3.0441,4.2423
271,2010,1,12,12,4.5783,8.3662,5.7628,0.2785,7.2784,5.7007,6.6666,0.2618
272,2010,1,12,12,6.4653,5.7885,3.5556,4.3872,3.7526,7.2938,8.4752,3.7351
273,2010,1,12,12,5.7574,2.1061,4.1076,6.4706,3.5506,8.9535,0.2136,0.9167
274,2010,1,12,12,1.7956,2.3059,3.2138,2.3071,8.9434,2.4848,0.1178,2.5624
275,2010,1,12,12,3.0817,5.5869,8.9823,4.2774,5.1873,6.6026,4.7926,7.2324
276,2010,1,12,12,2.5815,7.0804,8.8732,8.4733,8.0144,7.486,1.6721,2.9167
277,2010,1,12,12,1.2124,8.4823,0.4419,3.8652,5.7125,2.4811,9.8184,1.5055
278,2010,1,12,12,4.5013,8.6269,7.3198,1.5625,3.7221,6.1037,9.5839,7.1416
279,2010,1,12,12,3.999,8.7574,8.8541,7.6993,0.5382,3.4438,4.7248,1.7296
280,2010,1,12,12,7.5855,4.4255,3.9919,3.1367,9.5861,9.6608,5.6871,8.981
281,2010,1,12,12,0.0982,9.6454,0.1952,9.4912,3.2563,9.2545,2.292,7.7768
282,2010,1,12,12,8.8753,2.6536,5.9883,5.9816,3.3713,6.1656,4.1999,9.641
283,2010,1,12,12,2.7028,1.5908,7.5887,2.0006,0.5225,1.0174,9.4528,3.2423
284,2010,1,12,12,7.7215,7.3898,1.6529,4.9337,1.7168,4.9481,3.4058,4.4926
285,2010,1,12,12,6.5779,1.7779,6.9417,4.7309,9.1643,4.0782,5.2598,0.5376
286,2010,1,12,12,5.4954,1.9961,2.8715,9.3458,4.624,6.1478,3.6855,8.3952
287,2010,1,12,12,5.2573,4.8606,7.5127,7.43,4.0086,4.1142,7.2435,3.5309
288,2010,1,12,12,8.9828,3.9264,6.0196,4.417,8.5988,5.2157,9.3115,2.7583
289,2010,1,12,12,8.1149,4.8105,1.4622,8.1795,3.0683,4.8794,0.6845,6.9444
290,2010,1,12,12,2.0545,6.8418,5.6093,2.1706,8.6042,5.0501,7.6247,8.6408
291,2010,1,12,12,1.119,3.2678,2.1809,9.5424,3.6086,8.6656,2.9976,9.1875
292,2010,1,12,12,2.2536,4.4432,2.9859,9.5964,2.6201,5.6467,2.7034,0.9487
293,2010,1,12,12,4.455,5.746,3.2255,4.9372,1.7902,2.4173,9.1669,7.6329
294,2010,1,12,12,1.4154,1.6617,3.5205,0.1627,3.5199,2.8571,3.6668,1.0185
295,2010,1,12,12,3.5194,0.1644,1.599,9.4662,3.9762,7.3944,5.9808,5.3593
296,2010,1,12,12,2.4297,8.8399,9.68,5.0119,8.3919,5.5318,5.2982,2.3168
297,2010,1,12,12,0.3035,0.2526,6.0673,2.5467,5.3765,2.8543,3.1241,4.6338
298,2010,1,12,12,5.6475,7.4705,5.1767,7.6201,6.9233,5.8701,3.8315,5.2346
299,2010,1,12,12,7.0475,0.7708,2.4265,3.6105,9.5689,7.7937,8.9848,5.8963
300,2010,1,12,12,0.0826,7.532,3.2882,9.6901,1.751,1.0856,4.8378,3.8524
301,2010,1,12,12,9.4472,9.0485,7.2287,1.4118,8.7481,2.8414,9.7613,1.9387
302,2010,1,12,12,6.339,2.3252,3.9753,2.7455,3.9443,0.4462,7.3571,2.4359
303,2010,1,12,12,9.7011,2.6096,2.6867,2.5209,6.7391,1.5619,5.7807,3.3856
304,2010,1,12,12,9.4554,2.9006,9.5491,7.5828,1.0057,4.9012,0.7159,2.7267
305,2010,1,12,12,5.1729,7.3921,1.7979,5.436,3.917,5.9821,0.8615,7.0159
306,2010,1,12,12,7.9648,0.3252,4.8146,7.3047,6.253,5.2535,2.1168,7.1394
307,2010,1,12,12,6.545,1.9871,7.1031,4.8151,4.7966,9.671,4.0495,1.4138
308,2010,1,12,12,6.5002,3.7342,7.6813,4.4393,1.2425,2.3546,3.8915,8.7331
309,2010,1,12,12,4.7502,0.4482,3.8532,2.6383,1.3197,7.0487,8.6291,1.4611
310,2010,1,12,12,2.8207,1.0609,0.7916,3.0351,4.4751,4.255,7.6686,7.335
311,2010,1,12,12,3.1319,9.8208,3.2859,9.8282,4.6262,5.3769,5,3.0755
312,2010,1,12,12,2.2243,1.0947,6.0161,0.6119,6.2947,2.4369,4.3581,5.277
313,2010,1,12,12,7.2175,3.7148,3.4668,4.1989,5.0282,4.1038,0.7609,8.0124
314,2010,1,12,12,1.3153,5.6767,9.7868,9.2472,7.7165,2.5891,8.9457,6.665
315,2010,1,12,12,2.7683,4.1881,5.6349,8.9739,6.91,6.6622,6.3895,3.9732
316,2010,1,12,12,2.9709,4.9797,2.022,6.6511,4.6649,6.2644,4.0651,1.4631
317,2010,1,12,12,3.5967,2.784,9.1326,9.6817,7.7172,0.276,6.528,1.9843
318,2010,1,12,12,0.8553,2.4899,1.3354,9.1835,4.9428,2.0379,4.6045,6.7826
319,2010,1,12,12,7.8284,7.4845,3.9987,2.9309,3.1531,8.3795,4.181,9.6393
320,2010,1,12,12,9.7119,3.7153,7.9556,4.1295,9.3544,5.7637,7.5194,2.3324
321,2010,1,12,12,6.3386,1.2942,3.8993,7.1171,7.6432,1.4961,0.9586,4.6064
322,2010,1,12,12,1.7449,4.5441,3.7773,0.0193,8.0203,7.5249,6.1582,4.3659
323,2010,1,12,12,2.7106,6.1166,6.3035,5.9204,2.5617,0.9618,6.1151,1.3347
324,2010,1,12,12,8.4169,4.4744,9.9409,4.8449,5.0973,7.9695,7.1138,4.5968
325,2010,1,12,12,0.0195,3.535,0.6217,7.0831,7.3402,9.9953,3.2302,1.0408
326,2010,1,12,12,8.3422,7.5792,0.1259,0.2569,6.0592,6.7316,2.2453,0.2299
327,2010,1,12,12,2.4862,1.0044,7.8696,8.323,6.202,1.2595,3.4831,3.5402
328,2010,1,12,12,9.3843,3.3527,1.937,4.8712,0.8926,5.4682,7.0683,1.1427
329,2010,1,12,12,6.8437,4.3666,9.0377,0.2108,6.0716,6.7852,3.9444,4.0142
330,2010,1,12,12,1.3415,3.5698,0.6675,7.8969,7.4923,0.7197,8.817,7.4928
331,2010,1,12,12,9.3645,1.4299,0.7471,8.3252,5.8034,1.3894,8.8003,2.9884
332,2010,1,12,12,0.963,3.1583,4.9363,1.6212,6.7466,5.9001,5.2171,3.5367
333,2010,1,12,12,3.5335,5.759,5.4329,3.8074,9.2376,5.1073,8.7033,1.9069
334,2010,1,12,12,8.1127,8.5518,0.4248,0.5457,8.2897,3.951,5.3146,6.11
335,2010,1,12,12,4.7796,0.7735,2.5048,2.4114,5.4156,8.5613,1.2155,9.8999
336,2010,1,12,12,4.0609,9.1509,6.6153,3.7152,0.4974,7.8923,4.6284,0.1195
337,2010,1,12,12,4.3291,4.4211,0.4512,6.0261,5.2095,0.2791,5.8078,8.6188
338,2010,1,12,12,4.8998,6.736,9.5227,8.9524,2.46,0.098,5.8695,1.9725
339,2010,1,12,12,6.6598,5.8278,6.0965,5.6709,4.5257,4.9959,3.5523,2.4
340,2010,1,12,12,2.6287,1.9015,1.6668,4.2074,9.6235,5.2013,8.4164,5.5723
341,2010,1,12,12,3.2572,0.2223,3.4719,9.2183,7.0411,4.3171,8.2718,9.5205
342,2010,1,12,12,2.5758,4.3841,0.7388,4.9153,4.2273,3.6504,5.2712,3.1295
343,2010,1,12,12,9.15,5.852,3.0661,7.4735,8.5018,0.7637,7.203,9.4391
344,2010,1,12,12,3.1752,2.3304,0.6788,3.5346,6.1513,3.7581,8.2995,8.7836
345,2010,1,12,12,1.2999,6.5908,0.3522,3.737,2.6299,1.1662,4.3153,6.2193
346,2010,1,12,12,3.7458,9.1269,1.1689,3.2025,6.137,1.1726,7.8101,3.2736
347,2010,1,12,12,9.6034,1.783,6.2958,8.9271,6.8725,4.034,5.6123,3.0671
348,2010,1,12,12,7.9757,5.941,0.7818,6.8114,2.4736,9.9915,1.9859,3.8316
349,2010,1,12,12,6.6908,1.042,3.0571,0.1225,8.538,4.6628,5.1321,2.7555
350,2010,1,12,12,6.3816,3.4596,2.9117,9.0301,8.6768,7.3113,0.6474,1.2174
351,2010,1,12,12,8.6733,6.6427,3.4254,2.7949,3.7272,7.3407,5.7872,3.3888
352,2010,1,12,12,5.2757,7.9897,0.5928,5.6462,9.8128,5.3582,8.4624,8.6306
353,2010,1,12,12,1.012,5.5926,9.9175,9.9995,2.1156,9.4097,1.5463,4.8068
354,2010,1,12,12,0.3127,8.6302,4.8816,3.1557,7.207,0.022,3.5132,8.1837
355,2010,1,12,12,8.9908,3.0904,9.9301,5.9081,1.165,4.12,8.8631,8.7851
356,2010,1,12,12,1.8505,2.9781,2.111,6.9314,6.6487,4.7441,5.0583,2.3359
357,2010,1,12,12,5.1438,8.4972,4.0108,6.3913,4.8874,6.3258,2.6028,1.2149
358,2010,1,12,12,3.8918,7.9292,7.1107,2.2274,7.2302,2.6669,5.194,5.5472
359,2010,1,12,12,7.918,3.3383,4.4236,9.4817,2.3622,1.968,1.1199,9.2729
360,2010,1,12,12,3.7686,0.6926,8.9435,3.3043,3.4973,9.756,6.6326,4.7667
361,2010,1,12,12,3.8902,7.2375,6.9668,7.4572,9.6604,2.9337,7.2767,8.1238
362,2010,1,12,12,4.7226,2.3363,7.5907,9.5124,0.7924,7.0271,5.0835,2.676
363,2010,1,12,12,1.6793,6.1243,1.4378,0.1138,0.142,1.8464,1.6642,6.213
364,2010,1,12,12,9.0654,0.5856,5.8639,5.1248,9.0951,2.1615,4.9016,4.5503
365,2010,1,12,12,8.0528,3.087,4.0768,5.1994,9.8698,8.9076,8.4355,4.6898
366,2010,1,12,12,5.1581,1.0681,1.6078,4.9789,4.8036,2.7027,9.5513,0.4575
367,2010,1,12,12,5.7505,1.7836,4.4854,2.8926,7.1986,4.7604,6.0252,5.8928
368,2010,1,12,12,0.0288,2.8238,9.5503,7.9248,1.3658,2.8099,5.4177,5.9695
369,2010,1,12,12,2.4916,8.6829,2.091,4.4051,8.5618,8.1242,3.4513,5.8662
370,2010,1,12,12,1.2796,4.4799,6.7525,3.863,3.3253,9.4407,5.611,9.5433
371,2010,1,12,12,0.1557,9.4397,5.9635,9.1681,6.3803,5.6941,1.2783,4.8206
372,2010,1,12,12,4.1938,4.4931,8.323,8.353,2.613,7.6239,1.8518,9.2158
373,2010,1,12,12,5.9505,7.7668,6.2834,4.0105,8.8763,1.0464,7.6102,3.0923
374,2010,1,12,12,9.0323,6.5093,7.4808,0.0177,4.8846,2.6555,7.8928,4.6582
375,2010,1,12,12,1.2796,5.7669,9.0008,4.66,5.8146,2.4048,7.8788,7.4636
376,2010,1,12,12,9.3825,3.233,8.1399,8.4837,7.8346,9.865,6.742,5.995
377,2010,1,12,12,0.9872,9.7943,7.3568,3.4238,7.9616,7.0802,8.32,1.0801
378,2010,1,12,12,0.2653,7.0624,5.6118,0.3269,2.8463,7.6978,4.5199,8.9821
379,2010,1,12,12,2.6348,6.2401,5.0365,4.7552,2.6812,9.6166,6.3823,9.1426
380,2010,1,12,12,9.1689,4.7773,4.2597,9.2258,8.0807,7.9504,8.0077,5.7768
381,2010,1,12,12,1.3097,7.6392,1.7076,2.2412,5.0558,8.1333,8.8265,5.1346
382,2010,1,12,12,9.7391,0.1307,5.9269,7.0222,8.4339,5.0134,3.1953,1.0158
383,2010,1,12,12,3.0469,4.059,8.0304,1.4804,9.9664,4.9025,6.2415,3.6085
384,2010,1,12,12,7.2362,7.4336,2.8242,5.1385,7.8743,4.1201,7.0875,4.4859
385,2010,1,12,12,9.2848,6.9681,4.4395,2.8921,4.4731,0.9081,0.9917,0.5232
386,2010,1,12,12,6.9914,9.1405,1.7799,3.5667,2.6356,3.2592,3.2625,5.1915
387,2010,1,12,12,7.9764,9.1457,4.9635,2.3273,9.0227,2.6986,7.5807,7.9443
388,2010,1,12,12,2.8907,5.9017,2.3016,4.9517,2.5093,9.286,9.993,7.6424
389,2010,1,12,12,6.6476,6.6719,3.8031,6.0322,2.7287,2.8042,4.0644,3.3585
390,2010,1,12,12,5.233,2.7239,0.0767,3.8199,8.0774,6.4374,7.3028,8.5539
391,2010,1,12,12,6.9476,0.5712,4.8037,3.7683,2.3311,0.3675,1.8029,5.0314
392,2010,1,12,12,0.6721,9.7972,2.8569,5.3378,1.4509,3.1266,4.2288,0.2729
393,2010,1,12,12,9.2381,6.9395,4.4172,1.5124,4.3297,3.9504,5.9697,0.791
394,2010,1,12,12,6.5332,2.4966,5.5377,2.7831,0.0422,1.9165,8.0314,8.7202
395,2010,1,12,12,5.5889,6.5005,5.7936,2.655,7.5581,4.4451,8.9935,6.7331
396,2010,1,12,12,9.8535,8.6862,1.0715,8.3646,1.9277,1.3764,2.0451,1.1031
397,2010,1,12,12,7.8136,6.6944,7.0247,5.3577,9.893,7.1789,2.6061,9.7497
398,2010,1,12,12,5.8337,3.268,5.4865,4.0438,0.7416,1.1564,1.3454,7.159
399,2010,1,12,12,3.9547,0.0372,8.503,9.3201,7.1038,8.1966,0.5741,0.4797
400,2010,1,12,12,1.6793,9.508,4.6595,0.0247,7.5145,6.833,9.3217,3.4075
401,2010,1,12,12,3.5532,8.9422,8.9847,7.5017,5.9095,0.0833,2.8478,9.0417
402,2010,1,12,12,7.6583,4.9459,2.5166,7.863,6.2089,5.1302,5.4657,0.1394
403,2010,1,12,12,1.8994,4.2914,3.8438,1.0651,6.4922,1.4659,4.4773,3.1996
404,2010,1,12,12,4.9471,1.4432,3.4639,1.2195,7.9043,8.5172,2.4819,2.0859
405,2010,1,12,12,6.1305,6.0633,1.9975,4.2522,8.5048,9.2144,3.6018,6.3747
406,2010,1,12,12,4.5772,8.8301,0.3419,6.2834,2.3838,2.3248,9.0961,3.7642
407,2010,1,12,12,9.8048,8.3527,5.2087,2.5449,5.5334,6.1436,0.6979,1.5745
408,2010,1,12,12,8.4321,1.4184,2.0934,5.4794,3.0318,5.5607,1.7019,8.0908
409,2010,1,12,12,6.6283,8.013,5.1564,7.9355,7.2103,3.8939,1.2278,2.8114
410,2010,1,12,12,1.9122,7.7175,2.5819,7.7372,2.3224,4.2416,3.8376,8.5218
411,2010,1,12,12,4.3052,7.741,8.4126,3.5583,1.1452,1.3019,4.7271,2.3358
412,2010,1,12,12,6.7589,7.5145,5.3302,3.9783,2.8515,5.4445,9.5444,7.7583
413,2010,1,12,12,6.6572,2.1594,1.9744,8.7788,9.9184,2.5494,5.9163,0.798
414,2010,1,12,12,4.5366,9.5039,9.1103,7.0357,9.5651,0.2598,0.7973,9.6393
415,2010,1,12,12,9.5215,6.5799,5.48,6.1486,1.4898,6.9147,5.0487,5.6489
416,2010,1,12,12,2.7224,5.4427,0.3715,5.7644,3.0462,1.5279,9.2717,0.0239
417,2010,1,12,12,4.3727,4.4603,8.6558,4.924,4.0201,7.9988,1.0559,0.4836
418,2010,1,12,12,1.3221,4.2303,2.8478,6.0105,3.365,2.5022,9.386,6.9253
419,2010,1,12,12,8.0983,1.6187,4.3178,9.1965,4.4916,4.2643,5.5547,9.9312
420,2010,1,12,12,7.8447,8.1227,7.3979,8.5134,9.4223,8.6793,5.3192,3.2716
421,2010,1,12,12,0.9058,5.2097,3.6606,5.0313,2.663,0.3344,1.2731,5.9575
422,2010,1,12,12,6.6707,4.3964,8.2993,5.5606,1.8615,0.9718,4.0945,7.9322
423,2010,1,12,12,3.679,1.1791,2.9375,6.9927,5.0195,0.1971,4.392,9.7515
424,2010,1,12,12,6.5886,4.452,1.6386,2.8774,9.7597,5.5954,0.665,2.4539
425,2010,1,12,12,7.7666,0.4744,4.282,5.8016,8.1719,3.1366,9.5668,7.6305
426,2010,1,12,12,3.1479,4.3972,5.1636,9.5598,7.9131,5.7855,9.6139,9.3436
427,2010,1,12,12,0.4364,5.3554,6.0336,5.3809,5.405,0.9008,4.8712,0.6126
428,2010,1,12,12,5.3351,1.0377,5.6657,8.0637,0.7261,0.5715,2.8797,3.0977
429,2010,1,12,12,9.1543,5.7367,7.2285,2.3013,9.9253,3.0786,1.1088,6.1234
430,2010,1,12,12,5.4542,9.175,7.2931,5.7804,7.3172,2.0609,2.7785,3.8606
431,2010,1,12,12,3.1399,8.9443,9.4099,7.4186,3.9434,6.1515,1.7881,8.3754
432,2010,1,12,12,9.8326,9.8128,6.7217,4.0174,8.0293,4.5402,6.4795,4.8868
433,2010,1,12,12,2.736,7.9269,2.9152,9.3653,7.8974,3.5356,3.5009,8.9649
434,2010,1,12,12,1.0738,8.7972,2.2985,6.8234,4.2208,1.957,3.6888,0.149
435,2010,1,12,12,7.1973,8.1292,2.6906,3.0751,4.8909,9.7676,9.2038,9.1226
436,2010,1,12,12,3.9197,9.5529,8.9653,2.7791,4.4117,6.3893,6.8069,5.9196
437,2010,1,12,12,0.3204,9.8433,1.3281,0.9016,4.303,2.3897,5.6446,7.8229
438,2010,1,12,12,9.0924,3.515,8.5107,1.6273,4.4696,2.3548,0.4983,6.7882
439,2010,1,12,12,2.4286,8.3337,5.4998,3.4111,6.4442,2.4026,0.2824,4.3409
440,2010,1,12,12,6.6507,3.0991,0.7956,6.4015,9.2929,8.3092,9.3471,7.4742
441,2010,1,12,12,1.2564,7.6997,8.9169,7.0631,8.6194,8.7695,3.6557,5.4452
442,2010,1,12,12,8.5318,5.4664,9.6915,9.7896,0.184,7.081,3.2727,6.1589
443,2010,1,12,12,7.361,6.569,7.9547,2.7566,4.3637,9.1703,5.3173,1.2715
444,2010,1,12,12,8.5233,3.8463,6.0584,1.6969,3.0799,3.7774,6.8769,5.0013
445,2010,1,12,12,1.7752,4.1117,9.1025,6.9733,8.1427,9.4597,9.9344,4.494
446,2010,1,12,12,5.7265,6.0767,2.6165,8.624,6.781,4.7177,3.0278,9.3678
447,2010,1,12,12,8.1241,0.1716,1.7793,4.6798,4.2033,0.83,2.753,9.1129
448,2010,1,12,12,1.9721,1.528,4.4989,9.214,0.478,5.4162,6.0836,7.5872
449,2010,1,12,12,0.8648,6.938,0.8571,6.8511,8.4185,6.7366,9.0185,9.8222
450,2010,1,12,12,2.2597,5.3505,6.7526,9.9456,0.948,9.1795,6.962,9.0906
451,2010,1,12,12,3.0543,6.2172,2.2592,5.0379,2.2223,0.2467,2.9893,4.4031
452,2010,1,12,12,1.3679,9.3971,7.6786,1.5374,5.8244,0.7438,3.4563,8.355
453,2010,1,12,12,5.9504,6.8703,8.1328,4.7207,8.2503,9.2961,2.4993,2.2925
454,2010,1,12,12,2.9247,1.8137,1.0305,5.4256,2.6416,9.9888,6.905,3.433
455,2010,1,12,12,9.4614,2.3132,0.7034,2.5832,1.3771,7.3912,5.9991,8.0831
456,2010,1,12,12,0.3501,7.8944,7.7476,1.9861,2.7488,3.5015,4.1591,3.4459
457,2010,1,12,12,6.1589,1.9836,4.1792,0.0101,9.7337,6.3138,5.1952,3.8595
458,2010,1,12,12,1.7433,2.3596,8.8858,1.4415,4.5219,0.4122,2.416,7.5922
459,2010,1,12,12,9.5264,6.1911,5.4058,1.7488,2.4293,4.1174,2.1266,5.5724
460,2010,1,12,12,0.7344,1.4675,3.925,0.1294,9.6191,1.563,6.907,7.2871
461,2010,1,12,12,4.3014,6.7838,5.9993,9.9152,7.2868,6.9702,8.201,1.2888
462,2010,1,12,12,3.7442,5.9033,2.0337,6.488,8.8315,1.0615,6.5047,3.791
463,2010,1,12,12,3.7917,3.9456,2.7235,7.5425,4.8419,7.4429,4.9863,2.552
464,2010,1,12,12,6.2412,0.2277,0.187,4.1336,2.8753,5.9507,8.8982,0.0486
465,2010,1,12,12,2.0223,7.9236,8.3883,0.0677,6.6051,7.5176,1.4372,2.6618
466,2010,1,12,12,6.1984,7.6991,2.8208,6.5996,8.9773,2.0519,1.7634,4.2858
467,2010,1,12,12,9.9398,0.5431,0.9618,6.9086,3.1696,7.8258,7.9833,0.6751
468,2010,1,12,12,2.3847,2.7776,0.2981,8.6723,0.1203,3.893,5.9697,9.1236
469,2010,1,12,12,5.872,7.116,1.7441,9.5456,9.4276,2.8218,7.3292,5.4345
470,2010,1,12,12,4.2226,2.3051,4.5818,9.8014,9.112,2.8455,4.6257,4.3102
471,2010,1,12,12,6.6523,5.5446,1.7052,7.4589,2.8616,9.4883,0.0539,4.0053
472,2010,1,12,12,8.5114,8.1111,6.9887,5.6584,9.6931,9.7896,1.4975,6.5687
473,2010,1,12,12,8.8921,8.257,7.0634,9.4084,1.6633,3.0012,9.7542,3.1727
474,2010,1,12,12,8.1057,4.7882,8.7486,6.8608,5.5442,7.88,9.604,0.9084
475,2010,1,12,12,7.8872,0.4461,9.2718,2.5256,7.5267,7.1436,6.5031,5.9366
476,2010,1,12,12,5.9176,8.3883,6.6992,1.714,4.7454,2.0667,5.955,8.1613
477,2010,1,12,12,6.7893,9.4291,9.5549,7.6388,1.0005,2.5748,9.6209,8.3648
478,2010,1,12,12,7.8544,7.4918,4.0937,2.11,2.5648,4.8745,1.0122,4.1946
479,2010,1,12,12,6.9407,0.4127,1.0047,5.6787,2.9489,3.4449,5.9959,2.854
480,2010,1,12,12,8.12,8.3037,4.6879,2.4125,0.9407,5.9017,3.0141,7.0104
481,2010,1,12,12,9.7644,9.6573,3.824,3.3555,9.916,0.3988,3.8216,4.3767
482,2010,1,12,12,5.6046,6.9088,2.3541,8.7011,1.2564,3.3759,6.4599,4.6923
483,2010,1,12,12,1.1055,8.7113,5.913,7.7886,9.6711,6.5912,6.9967,0.2309
484,2010,1,12,12,6.9827,6.3848,2.4264,2.4466,5.6904,4.4716,2.3645,0.4991
485,2010,1,12,12,5.9303,5.3588,6.8135,2.5299,9.2374,2.1975,7.9234,0.4339
486,2010,1,12,12,0.1659,7.9083,9.8792,6.9047,5.0605,1.8513,7.4301,2.6595
487,2010,1,12,12,9.3454,6.524,6.8332,4.3212,4.8955,6.3773,7.1916,6.7474
488,2010,1,12,12,3.4194,2.9342,2.6313,4.4733,1.435,7.8497,7.5894,6.1022
489,2010,1,12,12,8.9529,7.0583,4.8634,0.6067,9.206,0.476,1.18,5.3899
490,2010,1,12,12,0.0522,7.2049,2.0277,4.6938,0.1142,7.1387,2.9282,4.2488
491,2010,1,12,12,5.7687,8.1598,5.9117,0.4555,4.211,1.1477,9.0305,4.4373
492,2010,1,12,12,1.2452,2.6139,7.4986,9.0148,0.2323,4.5675,4.4144,7.6306
493,2010,1,12,12,8.6583,1.266,0.3797,6.6099,7.1532,8.6421,2.817,6.9849
494,2010,1,12,12,2.0646,1.384,4.0822,8.5897,4.9684,3.5039,9.1218,1.0365
495,2010,1,12,12,9.9433,9.3812,5.2488,0.8712,0.7325,1.5424,6.4669,6.621
496,2010,1,12,12,2.5786,8.8314,2.156,1.1401,8.6804,2.9336,1.2702,6.0897
497,2010,1,12,12,8.4335,4.477,0.9807,0.0982,4.8853,5.1806,9.3579,4.9584
498,2010,1,12,12,2.9684,2.0233,1.8184,5.8871,6.6196,3.9026,3.2116,0.9749
499,2010,1,12,12,4.3562,0.3989,9.3166,3.3455,7.9067,2.7505,6.3157,4.0593
500,2010,1,12,12,5.7023,6.8859,9.7119,6.4589,3.8619,6.5048,4.6112,9.2669
501,2010,1,12,12,1.0915,9.5021,5.2539,4.8829,4.0162,7.3262,6.4856,0.3103
502,2010,1,12,12,1.2647,5.4261,3.2712,7.5868,1.3023,9.0837,3.0156,9.9775
503,2010,1,12,12,8.8644,0.2303,4.039,8.2458,3.8366,1.8677,7.5723,2.0463
504,2010,1,12,12,4.0462,9.64,8.4263,7.6841,6.6937,8.7108,2.1154,4.8892
505,2010,1,12,12,5.2719,6.4605,2.9708,8.5442,4.9285,8.9425,2.3733,8.068
506,2010,1,12,12,9.0402,1.1124,6.7143,7.0403,7.7459,2.5347,2.3173,8.5333
507,2010,1,12,12,3.2031,6.2457,8.2492,1.1491,2.1597,2.7132,3.9165,4.7717
508,2010,1,12,12,8.3683,3.105,6.0275,0.1376,9.7652,6.0208,7.825,1.3163
509,2010,1,12,12,8.6035,6.2509,1.5102,9.7859,9.2994,2.6664,8.5823,4.7303
510,2010,1,12,12,8.1321,4.089,0.5243,6.0779,2.923,3.5079,2.737,4.6368
511,2010,1,12,12,1.6334,8.7324,2.1212,6.2956,0.8642,4.5776,0.8784,0.1438
512,2010,1,12,12,7.2622,8.8552,3.0853,8.1343,5.4175,3.9829,2.5944,3.822
513,2010,1,12,12,3.8615,7.0837,7.0772,1.1007,9.1968,3.5519,0.2118,7.3167
514,2010,1,12,12,7.4032,9.2324,4.9338,8.3975,5.9935,4.5333,3.3699,7.8946
515,2010,1,12,12,4.9782,5.6272,3.4397,0.5815,9.8351,2.3401,6.1416,8.2222
516,2010,1,12,12,1.2492,8.0941,7.1043,2.1057,6.4961,5.2152,7.2008,1.183
517,2010,1,12,12,6.791,8.5099,7.4181,8.4074,9.1021,8.9706,2.742,1.4576
518,2010,1,12,12,3.5903,1.5404,6.4578,8.7685,0.1994,0.0807,0.3845,5.8203
519,2010,1,12,12,5.2546,2.8729,6.2264,2.1494,1.6456,4.2183,1.7364,1.9779
520,2010,1,12,12,1.2059,0.2425,8.238,6.9056,6.7947,4.0879,3.4999,7.2423
521,2010,1,12,12,6.7006,3.7345,5.2453,5.6003,3.0094,6.9858,2.0151,8.8672
522,2010,1,12,12,3.2744,7.7293,7.3879,9.6798,8.6546,5.945,3.3601,6.5579
523,2010,1,12,12,5.9543,2.5006,8.1161,7.5567,8.7336,1.6904,1.9342,3.0775
524,2010,1,12,12,1.065,8.213,8.1229,2.5488,2.9811,7.2909,8.0216,9.5033
525,2010,1,12,12,7.9993,7.2811,7.7348,7.5464,0.236,1.5531,8.0828,2.1211
526,2010,1,12,12,4.5146,0.7999,6.2393,4.229,4.7627,3.2323,5.7615,6.032
527,2010,1,12,12,9.659,0.0348,9.4988,8.6889,3.2911,2.8518,8.6863,4.494
528,2010,1,12,12,9.5762,5.3709,1.8302,4.3485,9.9534,3.3935,9.0285,7.1691
529,2010,1,12,12,8.3974,2.7117,5.6162,7.8819,9.7332,0.9675,7.1957,7.1103
530,2010,1,12,12,4.2767,3.6533,8.779,1.5565,1.2482,9.6278,9.6819,6.6
531,2010,1,12,12,7.6252,5.3216,8.3006,9.0024,8.4341,4.288,5.1955,6.2823
532,2010,1,12,12,6.8439,1.0986,0.2002,2.6059,2.5992,1.9227,3.1765,4.1801
533,2010,1,12,12,9.3706,2.2755,1.1742,3.8802,4.2735,6.3151,2.2891,8.8899
534,2010,1,12,12,8.8373,5.1545,5.6671,0.0578,9.4581,7.8202,7.1884,7.7701
535,2010,1,12,12,8.9602,2.7109,1.3859,2.5077,7.5938,4.6789,0.4047,3.3935
536,2010,1,12,12,2.8999,9.6547,2.6502,5.49,5.3579,5.1065,3.0615,1.3774
537,2010,1,12,12,7.8089,7.7801,3.2893,7.1324,8.522,6.9222,9.9565,2.9959
538,2010,1,12,12,7.8685,7.9547,9.3162,9.8637,4.7083,3.8282,8.5177,4.2409
539,2010,1,12,12,5.9026,3.8523,5.942,2.9497,1.8565,9.3326,1.6238,8.7728
540,2010,1,12,12,4.7287,1.8123,9.3201,2.206,8.9119,2.0164,6.443,8.6234
541,2010,1,12,12,1.5821,4.244,9.0522,4.4658,8.0006,6.0554,1.56,0.0528
542,2010,1,12,12,7.323,6.6138,9.9924,0.818,2.9893,4.1857,0.3763,6.6549
543,2010,1,12,12,4.401,3.4292,3.1115,5.3871,0.7924,6.8351,4.0005,7.1173
544,2010,1,12,12,1.5741,7.8527,8.1331,7.1067,3.7922,3.9601,5.9522,9.2384
545,2010,1,12,12,8.1807,9.3722,2.12,7.7998,1.2006,2.4549,7.6777,6.9961
546,2010,1,12,12,8.9243,8.5432,8.0299,8.9541,1.9853,5.4472,8.9745,7.4372
547,2010,1,12,12,4.6182,0.5007,8.6433,0.4426,7.3593,8.4708,9.9765,5.5323
548,2010,1,12,12,7.5948,5.4802,3.4277,8.9688,4.317,7.369,6.1828,5.2677
549,2010,1,12,12,5.1863,4.4769,8.82,3.7259,2.8605,1.4507,8.6745,3.7853
550,2010,1,12,12,9.4962,8.7471,9.4369,9.0186,8.7255,2.9058,7.2249,6.7864
551,2010,1,12,12,7.7934,1.3961,5.5705,1.593,8.2997,1.8062,6.012,4.3322
552,2010,1,12,12,6.5194,5.2448,4.5276,5.329,5.4148,2.138,1.0475,0.2125
553,2010,1,12,12,1.2588,8.3799,0.5272,5.7312,0.2801,4.0337,7.2855,7.8892
554,2010,1,12,12,3.0524,8.9953,3.1449,9.9586,7.3191,3.7944,6.966,9.1842
555,2010,1,12,12,0.6286,0.0531,3.5408,1.8709,1.9876,0.4727,2.5322,6.2086
556,2010,1,12,12,4.1987,7.9339,7.3804,4.948,9.9781,4.6745,1.3605,8.0386
557,2010,1,12,12,2.0443,3.8562,8.3251,2.557,3.8112,2.1887,4.9113,8.5786
558,2010,1,12,12,3.6584,1.1526,2.9001,2.2216,5.6886,2.9077,4.4813,4.569
559,2010,1,12,12,9.7427,4.4005,5.7885,3.8754,7.5636,3.6584,0.6373,5.3199
560,2010,1,12,12,6.2361,5.061,2.0836,9.6875,7.9883,0.386,9.9635,3.1083
561,2010,1,12,12,0.6199,3.8144,9.7496,0.2151,1.6951,8.9564,9.0758,7.5379
562,2010,1,12,12,6.7883,6.8196,0.6368,8.3873,2.4508,9.1132,5.1518,1.8008
563,2010,1,12,12,3.0334,1.2244,2.3973,2.8078,3.8796,3.6742,9.0064,5.3582
564,2010,1,12,12,1.4487,1.0687,1.6568,6.8233,2.509,4.7009,5.8856,1.6919
565,2010,1,12,12,4.2237,7.7215,2.2053,5.8377,1.0951,1.7594,9.6418,0.7599
566,2010,1,12,12,5.1225,4.7987,5.4928,7.1,7.796,2.4794,7.9377,4.9719
567,2010,1,12,12,2.841,5.5022,7.4056,8.9717,9.6422,5.2209,0.6882,7.2575
568,2010,1,12,12,5.3959,8.9293,3.6347,2.8352,8.9183,0.9743,9.3533,9.0816
569,2010,1,12,12,1.4715,2.6102,9.9826,4.7276,9.7741,6.9385,3.9473,2.9309
570,2010,1,12,12,9.8085,3.8724,6.5884,1.6754,2.7535,9.0633,6.102,6.5062
571,2010,1,12,12,9.4245,0.4109,9.9911,7.1539,3.4797,6.255,7.4464,1.4853
572,2010,1,12,12,2.4344,6.0385,1.0216,5.8976,9.0754,6.1542,3.2184,5.2425
573,2010,1,12,12,4.6797,9.3975,1.6541,1.4908,1.0412,8.5203,4.4432,1.2863
574,2010,1,12,12,3.2071,8.801,4.9365,2.2471,9.4933,7.1089,1.0802,3.1389
575,2010,1,12,12,2.6742,8.4128,4.1586,0.6015,6.0333,6.5472,7.2983,0.504
576,2010,1,12,12,6.172,0.6368,6.5059,2.2761,1.625,1.708,5.6645,1.6258
577,2010,1,12,12,1.4241,4.8122,4.4828,0.262,2.5817,0.7785,6.2134,2.215
578,2010,1,12,12,5.8758,3.6128,5.8613,4.3902,1.4404,1.7075,9.0248,6.9033
579,2010,1,12,12,3.0665,7.5148,6.4755,2.0686,1.7445,0.6545,9.5559,6.2607
580,2010,1,12,12,4.7685,1.8056,4.0986,4.3336,9.8061,3.5851,5.9726,6.3891
581,2010,1,12,12,1.2178,0.7904,1.2811,3.6922,4.2211,8.0995,3.3946,5.6559
582,2010,1,12,12,2.8837,7.3684,7.2186,8.1467,7.5722,1.7383,8.6365,2.5599
583,2010,1,12,12,5.3824,5.7398,4.4044,7.1564,3.2196,6.8088,2.3233,7.3109
584,2010,1,12,12,1.996,0.0415,9.3654,6.5487,6.1578,5.1191,4.0924,5.0764
585,2010,1,12,12,6.5174,5.5839,9.8451,4.7777,2.4819,6.5979,7.8944,3.1233
586,2010,1,12,12,7.068,8.6583,8.3838,6.7754,9.3629,1.2667,9.766,6.6807
587,2010,1,12,12,2.6567,4.5751,0.9989,6.5763,6.5685,9.57,9.6296,3.0577
588,2010,1,12,12,3.7103,4.8323,0.0305,1.8983,1.0137,4.5142,5.1482,8.4075
589,2010,1,12,12,2.0156,3.5434,8.9875,0.3068,6.0404,8.8674,2.8774,2.0178
590,2010,1,12,12,8.5047,8.7615,0.3252,9.9571,0.542,5.7758,2.6876,2.732
591,2010,1,12,12,3.3145,2.633,8.7982,3.9854,3.3574,1.6184,3.5752,7.6509
592,2010,1,12,12,8.9472,6.7282,0.2229,7.119,3.5416,4.3584,6.4507,2.8111
593,2010,1,12,12,8.2946,2.0225,1.4806,9.7574,0.847,7.7569,6.9711,2.251
594,2010,1,12,12,0.8191,5.2528,0.0899,9.9995,8.5117,4.6016,0.8585,2.2675
595,2010,1,12,12,3.4167,4.4614,1.0769,0.4046,3.2265,0.8784,3.6556,3.2225
596,2010,1,12,12,6.1541,9.5428,0.6429,8.3829,2.4498,8.3672,8.2568,1.4902
597,2010,1,12,12,3.7309,0.6999,3.8856,8.5846,3.5394,7.0609,7.3174,0.3354
598,2010,1,12,12,2.9356,7.7202,8.4223,0.6465,6.707,0.3305,7.3044,3.3454
599,2010,1,12,12,0.6255,5.1064,4.8393,0.0386,0.9416,7.7439,1.6604,5.4664
600,2010,1,12,12,6.0982,7.6791,6.8337,4.2286,0.1952,0.2259,0.2558,8.8844
601,2010,1,12,12,5.5727,0.3616,7.8503,9.5585,1.2691,9.6163,7.2156,0.4224
602,2010,1,12,12,0.153,1.3317,7.1118,7.9399,5.4711,5.7455,4.9781,0.7074
603,2010,1,12,12,3.8005,9.4007,4.6441,6.7318,3.4801,1.2311,5.5807,6.3747
604,2010,1,12,12,0.982,1.758,8.3687,4.7674,6.9291,8.1567,7.1712,1.118
605,2010,1,12,12,5.4229,5.0265,5.5348,6.5532,6.8688,2.4847,0.4887,0.0512
606,2010,1,12,12,6.834,2.7405,0.79,2.478,2.5929,3.258,4.0501,5.3016
607,2010,1,12,12,8.4337,7.4539,5.0698,0.7497,1.9534,3.2807,1.3106,3.5819
608,2010,1,12,12,6.4664,2.85,5.2728,8.8338,4.2578,7.1579,6.9681,5.5308
609,2010,1,12,12,7.2934,7.0835,8.5184,6.163,4.9925,8.0992,5.3548,1.4009
610,2010,1,12,12,3.5898,1.2837,7.4046,1.0315,4.7541,3.8121,5.8559,2.864
611,2010,1,12,12,7.0858,6.2813,9.8032,6.0859,0.8886,1.5435,7.4319,9.8648
612,2010,1,12,12,4.7501,6.4932,4.5986,3.7884,2.8387,0.2823,4.6572,8.6237
613,2010,1,12,12,3.5409,1.0875,5.209,1.5594,7.1472,8.49,6.9268,0.4312
614,2010,1,12,12,1.4867,0.1371,5.4187,7.4111,9.9086,2.9858,1.5764,5.4682
615,2010,1,12,12,4.507,8.3249,5.498,3.3918,2.3175,7.8036,9.8937,2.3917
616,2010,1,12,12,9.9468,5.6049,6.6982,4.0583,3.2642,3.2479,5.1637,5.0868
617,2010,1,12,12,7.9547,2.274,4.802,6.26,2.6237,3.1818,0.1281,1.9678
618,2010,1,12,12,0.3182,4.7142,3.1501,2.0384,2.239,4.1338,0.6935,0.0644
619,2010,1,12,12,9.5073,4.8245,3.9659,5.622,5.1544,0.4998,1.7435,4.3035
620,2010,1,12,12,4.7525,5.5421,6.4644,8.9871,2.0002,6.2107,6.7326,0.3577
621,2010,1,12,12,6.7054,8.0202,3.8918,3.9097,6.0579,1.9746,9.091,3.632
622,2010,1,12,12,0.9813,0.999,2.4179,0.8008,6.6033,9.7924,6.4886,5.0413
623,2010,1,12,12,0.4435,8.996,9.2478,7.0275,5.3181,3.7884,9.306,7.1074
624,2010,1,12,12,2.6038,5.7101,0.6334,2.9865,2.0352,3.5043,2.6979,4.565
625,2010,1,12,12,0.8303,8.706,9.5168,6.8964,1.5137,1.2329,3.4311,2.6979
626,2010,1,12,12,6.506,6.2195,8.1053,0.3472,0.4409,0.6003,5.2332,7.0084
627,2010,1,12,12,7.1657,9.819,6.5823,2.9478,6.4227,9.8731,7.5782,6.3307
628,2010,1,12,12,0.0236,5.338,7.0606,6.8862,3.1638,4.5757,2.5836,0.0998
629,2010,1,12,12,0.3682,4.7839,1.6093,6.5522,8.7155,4.9524,7.2882,7.4491
630,2010,1,12,12,8.2052,0.6569,0.486,6.6929,6.6476,7.6756,0.8012,3.4143
631,2010,1,12,12,5.2938,8.81,7.9038,7.7942,3.6137,9.5002,1.3714,1.8474
632,2010,1,12,12,9.0481,2.0774,4.4647,4.4553,1.1019,5.7073,1.7014,6.1436
633,2010,1,12,12,3.8442,9.0492,3.9341,0.3643,2.8926,4.1957,9.0183,9.5288
634,2010,1,12,12,3.8514,8.3549,3.2311,3.6041,0.6975,9.9471,9.0777,3.8154
635,2010,1,12,12,9.576,9.502,0.7943,8.4238,1.1055,3.7157,9.7065,7.0707
636,2010,1,12,12,6.4139,2.4177,9.2448,2.3706,9.3121,1.4341,3.4423,2.3391
637,2010,1,12,12,9.8061,3.7468,8.353,2.9031,4.2357,5.068,9.1083,8.7642
638,2010,1,12,12,4.8636,5.8906,2.6809,1.2865,3.1699,3.4957,0.6514,6.8414
639,2010,1,12,12,8.9388,0.3814,9.2715,6.1335,2.7526,9.0389,5.1308,8.8694
640,2010,1,12,12,7.1751,8.3187,9.0922,8.9745,2.3102,6.873,3.8115,7.7966
641,2010,1,12,12,8.1475,3.9888,1.0732,8.8521,4.7006,1.6771,9.6247,3.6084
642,2010,1,12,12,4.1009,9.1693,9.3051,2.503,2.6382,7.4577,9.644,9.7954
643,2010,1,12,12,2.6154,4.6065,2.6029,6.149,0.129,0.9971,2.1315,9.8467
644,2010,1,12,12,6.5502,9.5023,5.2589,8.5821,0.645,5.8257,6.0429,2.9741
645,2010,1,12,12,0.9779,9.3649,3.2457,0.1168,9.1969,1.0567,1.5839,0.2586
646,2010,1,12,12,0.8961,2.6603,0.0546,0.2998,5.3638,4.8342,0.4038,6.3405
647,2010,1,12,12,7.3971,7.6936,2.2768,9.9873,9.7648,3.1962,8.7998,7.6311
648,2010,1,12,12,5.5014,8.5909,8.7424,3.057,6.7952,9.8156,6.4499,4.918
649,2010,1,12,12,4.1161,7.235,5.0241,3.9354,0.561,6.6518,0.8254,3.3039
650,2010,1,12,12,3.1558,6.1746,2.6519,6.6512,8.6245,8.0915,3.3749,2.325
651,2010,1,12,12,6.0974,1.6418,1.8091,7.2693,1.973,7.5606,7.9817,0.8546
652,2010,1,12,12,7.1684,3.3505,7.4172,7.489,3.6434,5.1857,1.4865,3.1703
653,2010,1,12,12,1.6732,9.2542,3.1606,7.6703,1.3389,6.9898,4.1112,9.0854
654,2010,1,12,12,8.7425,2.9207,3.7427,0.7949,5.5754,3.621,2.8742,7.5435
655,2010,1,12,12,5.0518,8.7437,8.888,2.9733,2.2002,9.3123,0.7876,7.0991
656,2010,1,12,12,9.7294,0.3311,3.119,8.6557,2.3726,3.964,9.7942,6.9379
657,2010,1,12,12,1.4011,1.4923,3.935,9.7567,6.0099,6.1063,7.4206,6.7031
658,2010,1,12,12,8.706,1.1038,8.7961,3.0504,0.4208,8.9515,5.1309,6.7752
659,2010,1,12,12,0.7394,6.0845,9.8907,2.3959,1.6283,4.0597,4.6008,8.9864
660,2010,1,12,12,8.25,0.3158,0.5996,7.266,5.9073,5.3724,5.518,9.0857
661,2010,1,12,12,5.2768,5.7678,9.1902,9.4105,2.4338,2.9017,5.7977,5.1022
662,2010,1,12,12,4.2472,7.9926,9.2676,7.3285,9.5835,3.0972,0.7683,7.8855
663,2010,1,12,12,2.5009,9.1137,1.0443,9.8688,4.4483,5.7203,8.4328,2.9815
664,2010,1,12,12,0.3496,0.9657,3.9191,3.6958,6.3904,2.2517,2.7593,3.2561
665,2010,1,12,12,7.226,6.903,1.3441,4.0492,1.8436,9.8169,7.0684,1.9004
666,2010,1,12,12,0.0546,2.7314,7.744,1.1013,1.7413,0.3339,2.3372,9.7675
667,2010,1,12,12,7.1459,6.8072,4.7596,0.5871,0.525,1.5082,3.3037,5.3042
668,2010,1,12,12,7.8454,2.1875,3.4609,3.6899,4.5138,6.4667,7.3322,8.1874
669,2010,1,12,12,5.344,7.2603,0.1923,1.6804,4.3534,5.1053,7.2962,4.8617
670,2010,1,12,12,3.5968,1.7023,0.7169,2.6989,6.1744,6.9163,8.2484,4.9185
671,2010,1,12,12,9.1059,5.7138,4.9486,5.1243,5.5223,7.5789,1.7803,4.7888
672,2010,1,12,12,1.3276,9.9247,7.3615,5.2635,9.1233,0.5085,0.194,2.3576
673,2010,1,12,12,3.7808,3.875,1.9303,0.9064,9.4221,7.4743,9.9191,7.6232
674,2010,1,12,12,6.042,7.5046,0.607,5.2511,2.4332,4.9013,9.591,5.8985
675,2010,1,12,12,1.2248,2.9552,0.5402,1.1052,2.5046,7.7257,7.9247,4.8902
676,2010,1,12,12,4.1437,8.1586,9.6426,3.6334,3.3841,8.0813,3.8056,2.5521
677,2010,1,12,12,3.4074,2.9738,9.5629,5.4923,7.6272,2.0039,2.7245,6.6799
678,2010,1,12,12,1.6845,9.1911,8.1004,3.4058,7.764,1.5327,7.7488,6.2805
679,2010,1,12,12,0.911,0.3126,7.0784,5.8206,8.8255,4.9745,9.5197,9.7997
680,2010,1,12,12,0.2943,1.5466,1.2959,8.495,3.1928,5.5423,5.6947,8.6255
681,2010,1,12,12,1.5877,9.3708,4.0485,6.6649,1.8694,5.3331,1.0289,0.8133
682,2010,1,12,12,9.9399,5.4396,1.0217,1.954,0.8244,3.6191,0.1095,8.0808
683,2010,1,12,12,1.9594,3.6109,3.4657,2.0959,6.0473,8.7798,7.1526,9.9518
684,2010,1,12,12,9.515,5.7647,7.9748,3.0443,9.5581,3.4948,0.5299,3.8077
685,2010,1,12,12,0.0367,4.6864,7.6019,7.2849,8.0271,1.7147,7.6216,9.5434
686,2010,1,12,12,7.9195,7.5543,6.028,2.1666,7.6022,9.7811,8.7812,7.615
687,2010,1,12,12,7.5725,7.1513,5.6946,9.2177,0.939,2.1043,5.7641,1.3372
688,2010,1,12,12,8.2878,9.5102,5.726,4.5589,3.4731,4.5191,4.8961,0.9029
689,2010,1,12,12,4.5534,3.7075,9.8714,6.5546,9.3532,0.2397,6.975,7.673
690,2010,1,12,12,2.2363,9.1962,7.9653,1.3835,9.0031,7.2011,8.7239,5.743
691,2010,1,12,12,4.7564,2.551,4.1926,7.1091,0.0567,5.9163,3.3408,8.9238
692,2010,1,12,12,2.8386,9.7491,2.5281,6.7484,3.3267,4.8353,1.7728,5.0294
693,2010,1,12,12,6.3557,9.7955,7.7887,8.3645,1.0034,0.3953,8.7523,6.9311
694,2010,1,12,12,6.6201,0.2828,0.6477,0.8561,2.5978,2.2994,7.0781,1.9937
695,2010,1,12,12,5.963,9.6992,8.0192,9.5986,7.5832,9.978,7.9207,7.777
696,2010,1,12,12,9.3724,7.7994,6.4158,8.3132,6.7934,3.0645,1.1337,7.428
697,2010,1,12,12,8.0981,2.8627,2.4031,5.3648,9.4192,7.0386,5.1405,9.9643
698,2010,1,12,12,0.5065,6.3635,7.4607,3.8619,7.9807,1.1375,9.8378,1.2972
699,2010,1,12,12,8.2808,2.0603,1.9327,2.2551,5.5491,7.3008,7.9815,8.2468
700,2010,1,12,12,4.7939,6.4672,5.8277,0.0337,5.3573,1.2823,0.1753,9.1055
701,2010,1,12,12,8.8215,0.2585,2.2417,9.9574,2.3902,0.0112,2.1282,0.6126
702,2010,1,12,12,4.052,7.6311,5.4585,6.1931,8.5379,4.6233,1.9706,3.7517
703,2010,1,12,12,2.2838,9.4951,7.796,0.6049,6.4843,9.0773,4.5447,6.7702
704,2010,1,12,12,3.5239,6.2334,0.5215,7.5605,2.5127,4.4117,1.3894,0.9952
705,2010,1,12,12,2.0253,2.3521,0.0452,9.5529,3.3458,3.4876,8.6668,6.9213
706,2010,1,12,12,2.4523,3.1839,8.1491,5.4199,8.5844,0.0498,2.1354,6.9865
707,2010,1,12,12,1.6961,6.9026,0.2886,0.1027,0.2517,4.1471,1.7649,3.3863
708,2010,1,12,12,4.817,8.6682,5.6634,9.332,0.8248,5.5733,0.8365,7.9702
709,2010,1,12,12,1.685,4.3061,6.4264,2.8477,2.9603,1.1873,3.7185,8.0322
710,2010,1,12,12,1.0238,2.6572,9.2953,7.131,7.8386,4.8452,1.4736,5.4961
711,2010,1,12,12,2.4174,9.2967,2.9811,2.8883,5.4825,5.7341,4.004,3.6024
712,2010,1,12,12,5.0953,8.4677,9.234,1.7355,9.3515,6.2178,7.5406,9.4949
713,2010,1,12,12,3.4897,8.8933,6.3033,1.0358,1.768,8.9314,8.8785,1.7078
714,2010,1,12,12,3.0101,3.0396,1.8804,0.0332,5.003,1.7915,7.7037,3.2559
715,2010,1,12,12,0.2115,2.3706,3.9654,3.1499,1.6267,7.337,1.705,8.2054
716,2010,1,12,12,6.9871,2.2468,8.9423,4.9609,6.953,4.6768,7.5566,0.7046
717,2010,1,12,12,7.6809,8.9526,1.5301,4.2507,3.607,5.8023,7.0891,0.019
718,2010,1,12,12,9.9054,4.5317,7.3407,7.7922,5.8067,3.2716,1.4487,9.4896
719,2010,1,12,12,6.3926,3.5248,1.3426,6.8082,1.393,5.1117,1.644,4.6501
720,2010,1,12,12,4.3758,7.2249,3.0444,7.8088,6.6782,6.8741,0.5441,5.2196
721,2010,1,12,12,2.0979,9.4335,2.0845,5.847,6.4993,4.7181,8.9938,2.2541
722,2010,1,12,12,2.0152,5.443,4.3131,1.256,9.5103,7.3443,7.437,6.175
723,2010,1,12,12,7.8643,2.1051,7.5251,8.9753,4.0915,5.4764,7.7438,1.4822
724,2010,1,12,12,9.0832,0.3084,0.5305,8.5193,5.9008,7.1826,9.9523,0.2267
725,2010,1,12,12,6.5227,5.0737,7.3901,6.4551,8.6198,6.1054,5.5557,0.5603
726,2010,1,12,12,4.2014,5.1593,3.1662,6.4433,1.4475,5.4571,1.1837,6.5117
727,2010,1,12,12,8.0728,7.239,7.1777,4.4785,1.4568,6.2355,7.1057,8.2073
728,2010,1,12,12,5.4279,6.6311,0.8254,7.0966,1.5686,6.3879,3.5722,4.0725
729,2010,1,12,12,0.7143,6.6441,2.8744,1.4147,0.2704,9.7365,2.2572,6.0544
730,2010,1,12,12,0.6401,9.2407,6.0361,3.0641,1.3522,9.2072,1.3213,9.988
731,2010,1,12,12,8.3807,3.9924,0.5355,5.1351,7.8371,3.4712,3.3033,0.9615
732,2010,1,12,12,4.9377,7.1054,2.3598,5.4751,1.4579,4.1795,4.3048,5.465
733,2010,1,12,12,0.2314,0.667,4.5051,4.9789,2.0515,3.5115,6.1047,6.1432
734,2010,1,12,12,2.1774,0.6299,8.9649,9.9739,7.3375,4.8366,7.9224,4.6367
735,2010,1,12,12,9.9108,7.5406,6.4461,0.0553,9.7118,3.2674,5.8067,0.9599
736,2010,1,12,12,3.2568,0.1287,3.5772,1.4325,6.0524,7.6206,9.6617,0.7871
737,2010,1,12,12,9.8116,9.5036,2.1152,7.601,1.9375,9.2721,6.7896,4.2575
738,2010,1,12,12,6.5288,1.4487,8.7739,9.6291,2.4203,3.8897,0.3022,9.1918
739,2010,1,12,12,6.6568,2.0036,3.4415,2.9419,3.8105,0.1429,0.1481,6.4007
740,2010,1,12,12,8.4778,6.0778,9.8624,6.0232,5.0213,9.1795,8.5781,8.4079
741,2010,1,12,12,0.1942,4.0867,9.8051,8.7296,4.3072,6.7332,2.485,1.0975
742,2010,1,12,12,5.9326,5.8006,3.4178,2.4097,9.4064,1.1304,7.9112,1.6846
743,2010,1,12,12,7.988,6.7925,9.316,5.1053,6.3336,3.7776,1.8846,7.9667
744,2010,1,12,12,2.6456,5.3185,2.5263,8.6993,2.2951,1.2429,3.7828,2.6788
745,2010,1,12,12,5.2793,4.4298,7.6823,1.2042,2.9672,2.9276,1.6023,9.162
746,2010,1,12,12,7.0638,3.114,0.3448,7.1668,3.1366,9.4715,4.8049,2.4561
747,2010,1,12,12,2.8669,1.4412,6.2981,5.0302,9.2939,3.1199,8.2844,6.9134
748,2010,1,12,12,5.1783,5.4558,7.086,7.4932,4.7144,9.1455,9.2903,5.795
749,2010,1,12,12,5.1714,7.9036,9.2365,5.361,4.4584,0.8648,2.1452,3.3582
750,2010,1,12,12,6.995,8.3791,8.8712,0.5617,9.4009,4.2083,9.2308,9.7816
751,2010,1,12,12,1.461,3.8622,7.7902,1.1913,1.4835,9.7684,6.4214,1.6661
752,2010,1,12,12,2.4157,7.5949,2.7224,1.3747,1.0825,9.467,5.0712,1.1757
753,2010,1,12,12,3.7721,1.6245,9.5545,8.6708,9.237,1.8194,1.7805,7.6363
754,2010,1,12,12,5.4355,3.1056,6.4133,8.9794,5.5295,3.515,6.6435,9.1379
755,2010,1,12,12,3.7313,5.1841,2.5063,5.1477,6.0806,9.431,8.6174,0.0795
756,2010,1,12,12,3.361,2.5485,0.0166,0.7751,2.0503,9.5462,2.8316,0.4091
757,2010,1,12,12,2.5955,2.4221,7.9833,1.7068,1.3739,5.5884,2.0071,3.3002
758,2010,1,12,12,5.6,9.2149,0.9321,9.7576,9.2349,0.9083,8.4534,0.4483
759,2010,1,12,12,3.0336,4.9866,3.0751,6.6579,8.952,0.0874,9.8231,1.0549
760,2010,1,12,12,1.1849,0.6351,2.7817,8.2555,6.1151,4.0635,0.5468,2.0469
761,2010,1,12,12,2.7997,0.5405,6.2388,6.1824,5.2008,0.5625,2.4764,7.4467
762,2010,1,12,12,2.506,7.8049,0.5975,8.7306,9.1357,9.5866,6.6027,4.0982
763,2010,1,12,12,4.1499,9.3951,1.1973,4.7583,7.5993,9.9016,1.1025,6.6882
764,2010,1,12,12,5.5489,1.6564,9.0369,3.2855,4.6473,1.8005,2.1254,6.8641
765,2010,1,12,12,8.2551,0.2614,3.4894,3.2774,6.0989,3.4158,4.9656,7.8206
766,2010,1,12,12,6.8393,5.4258,4.7635,0.3981,8.6499,9.0332,0.5952,4.7818
767,2010,1,12,12,8.7546,3.426,2.0743,6.7564,4.1635,5.9946,2.0936,5.0168
768,2010,1,12,12,8.3182,8.3932,8.1718,9.0888,0.2879,6.3421,2.8865,8.8798
769,2010,1,12,12,0.9998,3.7401,0.8203,5.5462,7.256,1.1283,6.4768,4.7613
770,2010,1,12,12,7.9974,4.0996,2.298,2.194,5.692,6.1813,0.8325,2.3299
771,2010,1,12,12,9.0572,7.6357,2.5537,6.2572,9.3928,9.1964,6.8201,6.6832
772,2010,1,12,12,6.0397,9.0852,9.0033,5.8031,1.0226,3.3977,2.9669,5.919
773,2010,1,12,12,5.5822,3.7902,1.8233,6.2062,1.5038,9.3354,0.9284,5.066
774,2010,1,12,12,8.6461,8.3611,3.3293,4.004,5.9802,5.4364,1.518,0.6382
775,2010,1,12,12,7.7768,1.3886,8.1736,4.7478,7.5367,2.5014,5.7626,3.8346
776,2010,1,12,12,5.2731,6.3099,9.2906,0.9313,2.1335,7.9391,0.081,7.5406
777,2010,1,12,12,5.7449,3.0988,7.1793,1.3717,2.002,7.0128,8.732,6.2157
778,2010,1,12,12,0.4495,9.7515,5.9369,1.7466,7.4204,2.0982,4.1074,8.6353
779,2010,1,12,12,8.6409,1.0949,9.0318,1.4554,8.3412,6.1923,2.0053,8.5643
780,2010,1,12,12,7.6229,4.1464,7.7643,0.8507,2.5624,6.4511,0.759,2.8917
781,2010,1,12,12,0.0309,3.0862,2.1552,3.7784,8.5197,3.756,3.6314,1.8636
782,2010,1,12,12,4.6029,6.9971,6.6876,3.7222,7.396,8.0399,8.8292,1.8312
783,2010,1,12,12,9.9914,3.3837,1.0068,9.6185,1.3378,4.0276,3.9884,6.3606
784,2010,1,12,12,4.206,0.3553,4.8118,2.5241,4.8372,7.0316,1.0866,6.2749
785,2010,1,12,12,8.5065,6.5682,2.0689,0.4065,1.5435,7.0077,7.2923,8.6806
786,2010,1,12,12,6.5327,1.7362,7.1679,7.5986,0.7652,5.7716,9.8578,8.8597
787,2010,1,12,12,5.0872,9.3607,1.2389,8.1699,2.1308,8.9087,0.7251,4.6454
788,2010,1,12,12,8.2444,8.7155,5.243,4.787,3.06,6.598,0.1104,4.8396
789,2010,1,12,12,0.783,7.7949,3.7838,9.1736,8.1521,0.5354,7.4472,3.4201
790,2010,1,12,12,8.6961,6.4948,8.1843,2.0648,8.5978,6.4039,7.8073,6.4757
791,2010,1,12,12,6.2042,9.9529,8.5602,1.8539,7.9936,2.5438,5.664,5.3039
792,2010,1,12,12,5.8018,6.8864,6.1885,3.8306,0.7245,6.463,4.4023,4.2816
793,2010,1,12,12,5.9351,2.7035,2.7428,2.7336,9.5305,8.6488,9.0304,3.7992
794,2010,1,12,12,1.1194,1.6289,2.9187,9.4103,8.2123,3.3034,3.3874,6.9258
795,2010,1,12,12,7.5752,4.0679,3.4397,0.4864,3.6514,3.455,1.8008,2.2592
796,2010,1,12,12,3.8313,5.8559,4.1426,6.2312,8.0017,6.2201,2.1909,2.6443
797,2010,1,12,12,4.1758,2.4147,4.8515,7.1631,9.9659,3.9797,8.5025,1.5629
798,2010,1,12,12,4.0523,3.6471,6.68,3.5306,9.6704,4.4944,7.5617,5.2243
799,2010,1,12,12,0.9001,8.1808,2.2675,1.6616,2.421,8.0011,5.3232,3.4987
800,2010,1,12,12,5.0642,3.9547,5.4628,4.4031,5.4635,1.0191,1.0092,8.8552
801,2010,1,12,12,5.8253,8.7074,0.048,9.273,1.1661,0.5417,2.5241,0.7948
802,2010,1,12,12,4.5193,4.9707,3.0622,3.4166,9.9962,0.2053,1.8835,9.8816
803,2010,1,12,12,0.3366,6.0797,6.8481,0.8351,5.6464,8.9618,8.3531,1.751
804,2010,1,12,12,7.0556,1.5512,7.9777,8.3697,9.1844,2.5151,3.589,1.7179
805,2010,1,12,12,6.9789,0.6178,2.2958,5.9515,1.9968,1.6487,5.2884,9.5522
806,2010,1,12,12,1.5028,1.5422,4.543,6.2429,5.1042,7.5104,5.4156,0.6255
807,2010,1,12,12,7.5058,2.6892,2.6042,6.1003,3.1444,7.4767,9.2096,8.8608
808,2010,1,12,12,1.0213,1.6993,8.5891,6.7616,8.2865,5.6488,2.3234,3.1127
809,2010,1,12,12,2.9925,6.2424,1.2897,4.4513,6.3344,3.7504,9.4693,0.3752
810,2010,1,12,12,4.4181,0.3344,2.4415,5.028,4.0136,4.7575,0.2487,9.5182
811,2010,1,12,12,5.6558,2.4196,4.7154,4.01,3.0465,9.0612,0.4695,1.3023
812,2010,1,12,12,3.521,3.4007,6.9797,0.7117,3.5415,1.5443,6.9334,8.5043
813,2010,1,12,12,0.1748,0.9605,0.1019,9.4157,4.9008,6.8986,7.4303,3.9935
814,2010,1,12,12,2.6937,9.4289,1.7841,8.6193,4.7575,2.886,0.2949,6.2947
815,2010,1,12,12,0.9713,3.9691,2.1473,7.0305,8.4673,0.9638,5.6031,1.8741
816,2010,1,12,12,8.2166,5.5858,8.5844,6.2128,0.71,2.67,8.1285,1.8856
817,2010,1,12,12,5.7711,2.1434,6.2454,5.589,1.5687,5.99,9.031,3.8942
818,2010,1,12,12,9.6315,8.1837,4.1054,3.5026,6.9191,9.436,2.6732,8.5839
819,2010,1,12,12,6.1798,0.3241,3.1844,3.9992,8.5388,3.5572,0.958,5.0666
820,2010,1,12,12,0.9137,5.5294,5.6245,5.4252,0.0014,5.8266,6.4991,9.697
821,2010,1,12,12,3.7832,3.0871,0.8912,2.7527,3.5144,2.5683,9.2994,0.6533
822,2010,1,12,12,6.5445,6.2815,2.0506,5.5121,8.5738,1.863,8.2878,1.565
823,2010,1,12,12,7.858,6.1735,9.3764,8.8044,2.9155,0.4747,5.9165,5.2806
824,2010,1,12,12,0.1086,4.1056,1.3876,2.7766,3.5375,5.5986,3.5279,2.5193
825,2010,1,12,12,3.0188,9.917,0.1519,2.2193,1.4094,5.4896,0.9014,1.8682
826,2010,1,12,12,1.9352,8.5282,4.2014,1.3198,0.0812,7.1662,5.1498,0.4915
827,2010,1,12,12,8.5569,8.9689,5.6638,2.0476,2.8621,6.9516,9.9626,4.645
828,2010,1,12,12,8.7163,9.6096,1.4063,1.5735,3.219,9.879,2.7997,3.8263
829,2010,1,12,12,8.8687,4.6534,3.3195,9.7312,7.4479,7.2067,8.952,6.7302
830,2010,1,12,12,4.0864,2.5871,8.3069,0.3944,9.8359,0.152,8.1467,9.2203
831,2010,1,12,12,1.0505,5.8671,1.5647,4.768,7.5476,0.4458,0.5836,3.2271
832,2010,1,12,12,5.6298,5.5817,7.3564,4.1448,9.1236,5.643,1.091,5.5617
833,2010,1,12,12,7.0144,7.2243,9.3253,0.5997,1.5956,1.1626,9.8483,3.5596
834,2010,1,12,12,9.9599,0.423,9.8523,5.85,9.7809,7.3646,5.7209,5.2982
835,2010,1,12,12,9.8141,4.4167,7.7089,2.4769,0.0346,6.0025,8.6888,6.7366
836,2010,1,12,12,9.6375,9.3918,5.6997,6.8825,5.1745,1.9263,2.8924,2.013
837,2010,1,12,12,2.3485,0.6835,2.3302,3.4037,9.0971,4.3901,8.1547,2.651
838,2010,1,12,12,1.9508,0.4346,5.5362,0.6067,0.1061,6.5465,4.8542,9.0458
839,2010,1,12,12,7.7336,0.2399,9.8338,4.0398,3.3769,4.4988,6.6595,5.6991
840,2010,1,12,12,1.7617,5.6766,3.6079,9.9339,5.1007,0.4867,6.0874,4.0823
841,2010,1,12,12,3.7648,7.9208,3.0919,2.1107,5.4711,0.5465,4.1287,8.3152
842,2010,1,12,12,4.7111,4.8967,8.9091,9.3769,0.2305,3.76,9.5763,0.2216
843,2010,1,12,12,5.2776,1.15,2.3635,4.6305,7.5071,4.8598,6.3962,3.5165
844,2010,1,12,12,3.8301,6.2481,8.8766,4.4303,3.0043,3.1465,3.4672,9.4446
845,2010,1,12,12,1.653,5.4095,4.1709,0.5038,5.1737,6.2272,1.0795,8.8636
846,2010,1,12,12,2.3885,6.7058,7.8124,8.9523,0.9199,8.9521,6.3158,1.2485
847,2010,1,12,12,7.6302,0.6783,9.262,3.1622,0.9036,7.0385,8.9471,5.9135
848,2010,1,12,12,0.8576,7.0627,1.7651,5.9867,3.0831,8.4384,9.1752,4.8339
849,2010,1,12,12,7.8807,6.2742,3.2749,7.5627,7.4329,6.9951,0.4973,7.5679
850,2010,1,12,12,5.8865,3.1088,1.3738,3.6615,1.5163,5.1579,4.6348,3.5858
851,2010,1,12,12,4.176,7.0374,1.9929,8.2258,6.9738,7.6427,5.7527,0.5553
852,2010,1,12,12,1.537,8.1694,0.2527,1.3761,9.2223,5.7323,6.9356,3.8802
853,2010,1,12,12,3.4175,6.1836,7.4026,7.4194,1.6681,3.9236,1.2965,4.008
854,2010,1,12,12,7.4947,5.4956,4.0934,1.4968,1.1979,2.3671,3.2334,6.467
855,2010,1,12,12,0.3756,1.5574,1.878,0.9763,8.8269,9.4759,4.7864,1.7852
856,2010,1,12,12,6.6794,0.8107,6.4528,7.2853,4.4309,9.334,4.4951,3.1247
857,2010,1,12,12,9.4331,8.4066,5.1267,2.1611,9.2881,9.102,0.859,3.9356
858,2010,1,12,12,0.6869,9.5143,0.0608,2.2578,3.1462,8.6942,1.4523,7.7264
859,2010,1,12,12,6.9428,8.6286,7.8514,3.0757,9.5776,8.0623,2.4634,1.7206
860,2010,1,12,12,4.359,7.4138,5.7415,3.2325,8.5608,8.2937,7.7279,4.0466
861,2010,1,12,12,3.7042,6.8258,3.8236,2.482,2.4364,8.9577,3.5951,0.4923
862,2010,1,12,12,5.2738,9.7891,1.1651,0.0598,0.6553,5.8102,3.9617,4.5526
863,2010,1,12,12,0.1956,9.8018,6.6487,5.6396,2.0447,5.7717,8.2566,7.7762
864,2010,1,12,12,3.9093,6.4412,2.7552,0.6654,8.5772,6.1518,9.1432,1.2738
865,2010,1,12,12,7.8329,7.6469,2.7713,4.578,8.596,7.1615,1.1371,5.5788
866,2010,1,12,12,0.0734,8.2666,8.3491,2.9801,5.4142,2.6378,8.7432,0.0108
867,2010,1,12,12,0.4128,3.4404,1.7109,5.2101,3.2776,6.1378,3.7177,0.7361
868,2010,1,12,12,1.7904,2.9179,4.6372,8.966,8.6091,8.9954,3.3847,6.741
869,2010,1,12,12,8.9356,5.3142,8.1936,7.7004,8.7729,6.8286,9.8731,2.9367
870,2010,1,12,12,2.5727,8.9634,8.1342,1.7984,0.2535,4.0354,2.0864,3.3871
871,2010,1,12,12,6.4702,5.7817,1.8434,6.3603,8.867,8.6659,8.8822,1.5119
872,2010,1,12,12,9.9596,9.3346,5.3435,7.9112,9.1874,8.5107,4.1953,0.4262
873,2010,1,12,12,6.7789,9.9987,3.6121,3.5343,4.9746,8.7976,4.9969,5.6429
874,2010,1,12,12,6.8182,0.8089,8.5037,7.5277,0.3356,3.9973,5.8754,4.0234
875,2010,1,12,12,8.7715,1.6646,0.0588,0.5221,5.0519,2.4331,9.3052,6.8146
876,2010,1,12,12,9.0296,8.8655,6.0097,0.2264,3.6458,1.2387,7.6256,9.1472
877,2010,1,12,12,8.009,0.5551,5.4234,3.5891,6.3062,0.6589,3.8854,0.2408
878,2010,1,12,12,9.8735,4.2775,7.8101,9.5977,7.0799,3.2114,6.1677,3.8367
879,2010,1,12,12,6.8023,8.2484,3.3422,7.0891,4.9001,2.9709,6.2506,4.8076
880,2010,1,12,12,9.6943,6.2916,8.6634,8.1338,8.7512,0.6359,9.0761,4.3595
881,2010,1,12,12,6.0355,4.2538,6.9343,2.7171,0.0622,9.4029,2.1651,0.5159
882,2010,1,12,12,2.1482,2.7518,8.1525,4.3364,8.4684,4.7026,4.2271,7.3858
883,2010,1,12,12,3.3313,9.7281,7.7969,4.4067,4.3432,0.9215,1.2544,8.6719
884,2010,1,12,12,0.5593,6.3594,3.1525,2.2073,6.7869,9.7149,9.8557,9.8903
885,2010,1,12,12,1.4979,0.6856,7.1466,2.4016,1.5541,7.0599,9.2302,5.977
886,2010,1,12,12,7.4517,2.0221,2.05,7.0029,0.2919,2.8548,7.408,9.1347
887,2010,1,12,12,8.498,4.0648,1.6363,5.5185,7.0339,8.0615,0.3372,9.9291
888,2010,1,12,12,4.2178,2.6329,7.2454,1.3579,8.5696,0.8692,3.6232,9.3137
889,2010,1,12,12,7.6366,9.8999,1.1503,7.285,5.0088,5.3422,4.923,7.9255
890,2010,1,12,12,3.3246,4.1913,4.0625,5.0553,6.809,1.1535,0.2256,7.0772
891,2010,1,12,12,2.7567,7.2369,7.8025,2.0139,3.8037,3.9224,2.3471,3.2986
892,2010,1,12,12,6.2158,6.0518,5.6458,9.9848,7.7353,1.5244,5.1019,6.7581
893,2010,1,12,12,0.6755,6.6319,9.8074,0.1853,3.5194,9.7475,8.5289,5.173
894,2010,1,12,12,2.1331,5.5455,8.7855,3.21,7.1765,4.0795,3.7294,8.1731
895,2010,1,12,12,5.49,7.6304,0.8671,5.1653,4.0329,5.5488,4.8604,7.2848
896,2010,1,12,12,5.1721,7.8495,3.4386,2.4993,7.444,1.6583,1.8754,0.2741
897,2010,1,12,12,6.2097,0.8963,0.0055,0.469,1.3517,8.0448,2.9135,1.6318
898,2010,1,12,12,5.9659,1.058,2.6988,1.799,1.5258,6.0216,6.8975,8.6329
899,2010,1,12,12,3.6602,2.5115,3.2873,8.7772,0.6944,1.1341,4.2515,0.5035
900,2010,1,12,12,3.4404,8.4836,1.0026,1.9693,5.1803,1.1478,3.4146,8.6505
901,2010,1,12,12,1.1868,3.6659,7.664,6.6735,9.0472,2.6651,4.5938,5.8715
902,2010,1,12,12,0.4787,0.2373,0.8173,8.0996,6.5663,0.5876,0.7083,9.6196
903,2010,1,12,12,8.4007,9.1548,4.7309,1.1667,9.4718,4.4436,5.0669,8.8185
904,2010,1,12,12,1.4348,1.9713,6.1147,0.675,7.9652,1.311,0.1673,4.5232
905,2010,1,12,12,5.6708,3.5803,5.3624,1.2644,3.8151,3.7803,2.9565,7.5163
906,2010,1,12,12,5.3111,2.5321,6.9743,9.7174,0.472,8.9149,7.7889,3.9527
907,2010,1,12,12,8.9907,4.8314,9.9504,5.8695,2.5415,3.1116,6.2605,0.7154
908,2010,1,12,12,4.0218,0.671,0.7148,7.4253,5.7624,9.8796,5.0663,0.6598
909,2010,1,12,12,2.42,1.0378,0.5386,9.7045,1.6207,8.1965,3.93,8.7995
910,2010,1,12,12,0.8625,1.6108,4.1661,0.957,7.0586,5.7394,7.4351,0.3656
911,2010,1,12,12,7.9659,8.251,0.9806,2.5158,5.2825,7.1888,0.5926,0.6441
912,2010,1,12,12,1.5082,9.8208,7.1902,0.6709,9.2033,8.6612,7.8379,7.8912
913,2010,1,12,12,4.8824,3.3592,1.7719,3.4661,1.1667,8.8302,6.9116,8.7279
914,2010,1,12,12,0.818,6.5352,8.3875,0.9113,0.7347,0.7671,8.5587,7.0866
915,2010,1,12,12,6.3577,0.0657,4.4801,0.5799,0.9842,6.613,1.9013,8.6711
916,2010,1,12,12,8.1776,1.2832,6.027,3.4759,6.0628,1.2737,3.4205,0.4672
917,2010,1,12,12,8.9534,7.0789,0.6701,3.1609,6.8135,7.7513,6.1275,6.1715
918,2010,1,12,12,4.5282,9.5763,6.3634,2.1091,0.8718,3.7036,5.5628,5.5774
919,2010,1,12,12,9.247,7.3647,2.3283,1.0257,0.7874,4.3448,5.202,8.4637
920,2010,1,12,12,6.9717,4.0532,2.44,2.3201,6.2646,3.2025,3.8895,5.248
921,2010,1,12,12,1.4543,7.2863,4.3451,7.5571,8.6905,7.3446,6.1472,5.5379
922,2010,1,12,12,6.6925,0.8124,8.3492,3.5828,5.6861,9.4323,2.9429,9.5848
923,2010,1,12,12,3.5076,1.2804,9.9269,2.5593,7.1145,5.1873,4.3755,6.749
924,2010,1,12,12,5.9074,7.5458,9.6067,2.8969,1.1253,0.2469,4.1069,2.2289
925,2010,1,12,12,9.3014,9.2022,1.3926,3.9224,8.5764,1.4238,2.2782,5.7013
926,2010,1,12,12,8.7261,7.5431,3.0056,2.3977,2.6169,2.5503,8.8572,5.3898
927,2010,1,12,12,2.2436,2.0154,8.4032,9.6902,6.9643,1.7043,1.7049,3.9131
928,2010,1,12,12,5.0961,5.8555,9.0444,4.5603,9.2684,7.9409,8.8922,6.2424
929,2010,1,12,12,6.032,3.3041,1.8294,0.2255,3.6882,1.932,2.5859,6.9472
930,2010,1,12,12,5.1619,2.0111,6.5189,8.4414,5.6104,1.1037,5.6466,0.2305
931,2010,1,12,12,6.2825,5.7034,4.228,4.4828,6.1284,6.5391,6.8852,3.8012
932,2010,1,12,12,8.2347,2.1827,6.4456,8.1985,0.5893,3.835,3.5071,4.8675
933,2010,1,12,12,9.4069,9.3642,5.7003,7.9455,8.8456,5.2964,2.3893,3.0328
934,2010,1,12,12,9.9812,7.9018,9.8489,1.4511,2.0819,6.1995,1.2767,9.8334
935,2010,1,12,12,8.7049,0.7897,6.5681,2.9194,4.1624,0.4044,9.7827,1.1116
936,2010,1,12,12,3.5166,8.6257,8.9523,6.8612,1.13,6.4089,1.3613,0.4238
937,2010,1,12,12,5.4977,8.8541,6.5637,4.8242,9.9978,4.0719,3.5507,0.3933
938,2010,1,12,12,7.2271,0.4845,2.9137,9.0461,7.6909,1.3594,6.7754,8.8858
939,2010,1,12,12,6.6367,2.1749,6.3831,3.4777,2.7114,9.7249,6.427,9.3853
940,2010,1,12,12,4.4247,5.0421,4.5213,6.8776,3.1295,8.8486,4.4666,1.383
941,2010,1,12,12,3.7301,3.8642,3.02,7.9882,4.964,6.4308,3.1492,2.8329
942,2010,1,12,12,6.726,6.3665,8.9729,9.142,9.3424,6.8997,7.0276,7.4733
943,2010,1,12,12,3.6158,8.3611,1.2277,4.2165,7.098,1.7413,9.7017,7.513
944,2010,1,12,12,6.5995,8.6855,2.2811,6.6669,5.2187,9.9361,6.6101,7.1776
945,2010,1,12,12,2.4457,0.5798,8.9604,9.6905,3.1531,6.0225,5.9558,3.6832
946,2010,1,12,12,2.3404,0.2625,2.3175,5.1333,5.445,7.6483,8.7837,9.4442
947,2010,1,12,12,6.7615,5.1358,1.6738,5.8391,7.3244,7.6337,4.4952,9.1313
948,2010,1,12,12,1.95,3.4118,8.5188,4.8119,1.9227,2.5536,6.4308,8.9846
949,2010,1,12,12,0.093,5.2412,2.6362,0.9372,5.1896,5.4801,9.9346,2.0479
950,2010,1,12,12,1.0711,7.247,6.6154,5.065,7.9317,9.6145,5.5399,4.7892
951,2010,1,12,12,4.489,2.0513,0.376,7.1002,1.6105,7.9127,9.4023,0.6248
952,2010,1,12,12,1.4871,8.542,9.193,2.2929,6.6007,1.5785,6.6111,8.6678
953,2010,1,12,12,7.4362,5.9158,7.3304,2.3632,9.9358,0.2024,3.4257,7.4147
954,2010,1,12,12,2.4539,6.342,8.7713,3.9156,3.7963,5.9889,4.7045,0.1355
955,2010,1,12,12,4.8989,8.4502,4.8425,8.3493,2.543,7.4741,5.9884,2.1426
956,2010,1,12,12,6.7364,7.2565,8.2346,3.0127,4.2882,4.3941,1.6654,0.3274
957,2010,1,12,12,4.6715,3.0747,1.1584,1.9674,8.2041,2.505,7.7203,7.3189
958,2010,1,12,12,6.1856,8.8828,6.81,5.4645,7.5347,7.607,9.9437,9.5149
959,2010,1,12,12,1.8673,4.3034,2.053,0.391,5.4059,1.0311,0.5447,3.4179
960,2010,1,12,12,5.8503,0.532,5.0046,6.1706,9.7615,1.6406,7.0835,1.5414
961,2010,1,12,12,4.8804,8.9726,4.3368,3.4342,5.6585,9.9704,1.0789,1.2424
962,2010,1,12,12,2.4831,0.5776,7.1905,7.1857,6.9703,2.048,0.103,9.2527
963,2010,1,12,12,6.3828,0.1544,2.2289,0.7249,2.5804,6.4511,0.9104,0.9097
964,2010,1,12,12,9.8865,2.5247,0.4814,0.8916,9.8579,9.4344,7.8793,0.4235
965,2010,1,12,12,7.2152,6.69,4.4462,0.7125,5.292,0.9225,6.1687,6.6489
966,2010,1,12,12,4.9852,7.224,9.3264,3.0923,0.0569,6.2688,8.8638,8.6709
967,2010,1,12,12,2.9987,9.3425,3.2367,4.7803,7.5096,7.2495,2.2282,6.3393
968,2010,1,12,12,0.6657,6.9912,9.0344,3.7907,0.0888,9.0795,8.8655,7.6456
969,2010,1,12,12,3.8318,9.8406,1.1456,8.0506,1.4589,3.5396,8.6798,5.443
970,2010,1,12,12,2.3444,4.9643,4.888,5.3628,7.2163,6.3076,8.8108,0.8119
971,2010,1,12,12,5.5741,1.166,3.2961,7.4102,5.7636,9.1381,4.6454,6.592
972,2010,1,12,12,9.8187,9.9732,5.3391,3.9827,1.2425,6.6716,7.6048,5.9805
973,2010,1,12,12,6.8088,8.1285,2.453,5.5678,9.0881,0.904,0.9103,5.2897
974,2010,1,12,12,1.7513,6.9532,5.3964,8.8748,0.4893,2.4845,5.0719,0.8311
975,2010,1,12,12,4.9242,0.1338,0.0925,8.9413,1.3596,1.5093,2.7303,7.5019
976,2010,1,12,12,3.5691,8.0646,0.2159,8.0205,7.031,9.544,0.4382,4.1786
977,2010,1,12,12,2.8581,3.5047,7.326,7.5114,8.8286,5.5266,6.2935,7.1713
978,2010,1,12,12,1.5554,2.0887,1.6044,0.8726,3.5009,1.9123,8.4691,6.7219
979,2010,1,12,12,0.7525,4.2454,1.6394,5.2847,7.9525,3.3903,7.3734,2.0915
980,2010,1,12,12,8.7505,7.2363,7.1571,1.2514,9.7678,3.7839,7.3777,2.8834
981,2010,1,12,12,3.6407,9.2679,5.015,4.7302,1.1489,5.3205,1.6948,3.3207
982,2010,1,12,12,4.8734,8.9953,1.7856,6.8838,7.69,9.1145,1.3828,0.2324
983,2010,1,12,12,3.2915,0.0087,7.6241,2.0654,6.1902,5.8587,9.668,7.3636
984,2010,1,12,12,4.4645,9.2602,4.3812,5.1567,3.4842,4.5389,7.8745,6.8905
985,2010,1,12,12,8.3964,3.2353,3.7972,1.4769,9.0381,4.7445,8.6293,6.7535
986,2010,1,12,12,1.3424,2.5076,0.1697,3.4472,1.3784,1.7015,6.5849,3.4922
987,2010,1,12,12,7.0492,4.1015,2.1432,8.6471,9.7419,9.291,8.8251,6.3336
988,2010,1,12,12,4.0792,8.7617,7.4271,0.6104,1.8165,8.7127,0.504,7.7419
989,2010,1,12,12,9.6735,5.6694,6.3703,5.2415,1.1951,0.8879,7.0667,7.8813
990,2010,1,12,12,0.5032,4.722,2.658,9.0747,1.5442,7.8349,1.4964,7.2865
991,2010,1,12,12,9.2646,8.6068,2.9789,7.9942,8.534,0.2753,3.7465,9.9653
992,2010,1,12,12,2.2606,5.7958,5.9875,2.0187,5.7287,7.8311,2.803,0.5431
993,2010,1,12,12,4.5531,1.3212,3.1616,1.9972,7.615,6.5805,2.4943,6.4489
994,2010,1,12,12,6.2418,4.941,4.1069,1.0125,5.4765,4.0567,7.3018,4.3934
995,2010,1,12,12,0.0369,0.7224,7.3295,8.8745,2.884,7.7519,2.4392,4.8031
996,2010,1,12,12,4.3044,2.9119,4.8838,4.6751,2.2724,7.7462,9.9862,2.9364
997,2010,1,12,12,6.568,1.2123,1.6751,4.4431,7.0388,9.3631,0.7894,2.7361
998,2010,1,12,12,6.9098,6.9279,6.2642,5.6582,6.0398,9.839,9.5421,8.565
999,2010,1,12,12,6.3892,9.3461,4.3483,3.0382,4.6154,1.2189,9.5186,6.8107
